team,opponent,location,opponent_trend_predict,location_trend_predict,current_trend_predict,runs_scored
Pakistan,New Zealand,Auckland,333.79999999999995,200.94034655918756,275.30526315789473,229
New Zealand,Pakistan,Queenstown,275.19999999999993,112.75684805126463,181.55263157894734,235
Australia,India,Melbourne,247.6,241.20000000000002,272.0157894736842,288
Pakistan,New Zealand,Christchurch,277.20000000000005,249.69705800353145,270.78421052631575,255
Pakistan,New Zealand,Napier,230.10000000000002,214.47168084446832,278.1578947368421,126
New Zealand,Pakistan,Wellington,224.8,186.1,189.0842105263158,307
India,Australia,Brisbane,212.79999999999998,230.52700195782649,263.7526315789474,303
India,Australia,Sydney,262.8,232.42774866951996,265.85263157894735,296
South Africa,West Indies,Cape Town,172.39999999999998,298.5,222.2736842105263,263
South Africa,West Indies,Port Elizabeth,221.20000000000002,354.5,223.89473684210526,179
India,Australia,Perth,326.3999999999999,261.79724057971015,279.5736842105264,203
South Africa,West Indies,Centurion,173.5,337.0,210.52631578947364,297
West Indies,South Africa,Johannesburg,273.20000000000005,258.9052328825712,286.17368421052635,304
India,Australia,Melbourne,292.70000000000005,230.23419659352783,279.22105263157897,222
Australia,India,Sydney,245.10000000000002,286.90000000000003,263.85263157894735,359
New Zealand,South Africa,Auckland,159.99999999999997,174.9,208.14736842105262,225
South Africa,New Zealand,Christchurch,303.5,264.247616813326,221.8473684210526,253
New Zealand,South Africa,Wellington,234.3,277.5,208.82631578947368,254
Australia,Sri Lanka,Dambulla,293.1,186.39665970772444,285.9631578947368,262
Sri Lanka,Australia,Dambulla,190.0,163.3776180260284,215.1736842105263,245
South Africa,New Zealand,Dunedin,287.70000000000005,272.79535997006434,230.7263157894737,259
Sri Lanka,Australia,Colombo (RPS),207.29999999999998,285.2,220.32631578947368,226
Australia,Sri Lanka,Colombo (RPS),284.1,122.66666666666669,286.521052631579,233
New Zealand,South Africa,Auckland,229.3,242.4,222.5263157894737,193
Australia,Sri Lanka,Colombo (SSC),205.89999999999998,340.0,278.0210526315789,198
South Africa,New Zealand,Napier,266.7,215.12120391011348,233.04210526315788,186
India,Pakistan,Karachi,265.6,292.62832354409,279.2842105263158,349
Pakistan,India,Rawalpindi,301.29999999999995,328.66666666666663,251.44736842105266,329
India,Pakistan,Peshawar,379.0,221.24303761180337,307.9105263157895,244
Pakistan,India,Lahore,373.1,276.79999999999995,256.87894736842105,293
India,Pakistan,Lahore,312.79999999999995,266.5517411703458,314.0315789473684,293
England,West Indies,Gros Islet,107.0,233.15895111358714,187.41578947368419,281
England,West Indies,Gros Islet,197.29999999999998,247.9696401487623,194.43684210526317,280
West Indies,England,Bridgetown,131.89999999999998,280.5,261.98947368421057,261
West Indies,Bangladesh,Kingstown,268.0,187.66666666666669,260.6842105263158,124
Bangladesh,West Indies,St George's,106.00000000000003,181.1540895411029,139.6,118
England,West Indies,Nottingham,267.0,252.19332457936997,205.4736842105263,147
England,New Zealand,Chester-le-Street,216.5,172.58710290434553,183.43684210526314,101
West Indies,England,Leeds,188.09999999999997,233.02436360670958,238.53684210526316,159
West Indies,New Zealand,Cardiff,116.50000000000003,244.99073621477316,221.37894736842105,216
England,New Zealand,Bristol,125.6,259.23842066725496,155.82105263157897,237
England,West Indies,Lord's,215.3,337.0,165.93684210526314,285
New Zealand,West Indies,Lord's,260.5,209.8239601462158,221.03157894736842,266
Pakistan,Bangladesh,Colombo (SSC),274.0,230.5559753576166,261.82105263157894,257
Sri Lanka,India,Dambulla,202.9,318.0,215.46315789473684,282
Bangladesh,India,Colombo (SSC),218.7,102.0,130.94736842105263,177
Pakistan,Sri Lanka,Colombo (RPS),215.1,134.00000000000003,257.56315789473683,122
Bangladesh,Sri Lanka,Colombo (RPS),74.5,161.9083328874659,143.56315789473683,190
Pakistan,India,Colombo (RPS),315.20000000000005,62.49999999999999,223.86842105263156,300
Bangladesh,Pakistan,Colombo (RPS),265.0,160.76042523075066,157.94736842105263,166
Sri Lanka,India,Colombo (RPS),256.8,257.70000000000005,226.04736842105265,228
South Africa,Sri Lanka,Colombo (RPS),255.1,246.21126607809433,224.53684210526316,263
Pakistan,India,Amstelveen,307.0,282.28904460398076,231.86315789473684,192
Sri Lanka,South Africa,Colombo (RPS),169.7,203.70000000000002,228.35263157894738,213
South Africa,Sri Lanka,Dambulla,262.3,195.28292176658215,222.88947368421051,191
South Africa,Sri Lanka,Dambulla,215.2,194.78892824312794,208.56315789473683,235
Australia,Pakistan,Amstelveen,309.7,223.64101352881067,258.2578947368421,192
Sri Lanka,South Africa,Colombo (SSC),214.39999999999998,212.70000000000002,229.17368421052632,308
India,England,Nottingham,274.2,248.29546063692405,324.0052631578948,170
England,India,The Oval,294.40000000000003,215.33333333333334,183.9894736842105,307
Australia,Pakistan,Lord's,223.49999999999997,261.5380608998693,247.16315789473683,269
India,England,Lord's,198.4,247.27124492147232,293.45789473684215,204
Bangladesh,South Africa,Birmingham,91.66666666666669,158.12491324176025,166.80526315789473,93
West Indies,Bangladesh,Southampton,144.70000000000002,162.1636274492001,215.32105263157894,269
New Zealand,Australia,The Oval,185.70000000000002,219.93699128574534,230.60526315789474,198
England,Sri Lanka,Southampton,115.10000000000002,208.1623700761737,201.3578947368421,251
South Africa,West Indies,The Oval,287.4,303.0,212.8736842105263,246
India,Pakistan,Birmingham,321.49999999999994,234.1020728217146,270.35263157894735,200
Australia,England,Birmingham,252.7,241.91547505274357,254.37368421052633,259
Pakistan,West Indies,Southampton,220.3,238.51377142971458,228.02105263157895,131
England,West Indies,The Oval,269.8,310.0,217.41052631578947,217
Sri Lanka,Pakistan,Karachi,176.8,297.5638946448035,246.95263157894735,232
Sri Lanka,Pakistan,Lahore,196.4,273.0,247.67894736842103,293
Sri Lanka,Pakistan,Lahore,265.70000000000005,331.66666666666663,248.26315789473685,287
Bangladesh,New Zealand,Dhaka,279.99999999999994,132.4,162.61052631578949,146
New Zealand,Bangladesh,Dhaka,204.00000000000003,226.17005753449098,235.81578947368422,250
India,Pakistan,Kolkata,213.60000000000002,302.4209666884389,245.15263157894736,292
Australia,New Zealand,Melbourne (Docklands),184.49999999999997,39.00000000000006,247.52105263157895,246
Australia,New Zealand,Sydney,244.89999999999998,321.0,237.72631578947366,261
Sri Lanka,New Zealand,Auckland,253.7,210.02384613835858,251.5263157894737,141
India,Bangladesh,Dhaka,214.00000000000006,233.7,232.22105263157894,348
Australia,West Indies,Melbourne,247.0,253.5,247.4157894736842,301
West Indies,Pakistan,Brisbane,205.8,250.1033954142142,214.95263157894735,273
Australia,West Indies,Adelaide,282.90000000000003,338.3333333333333,256.34736842105264,269
West Indies,Pakistan,Adelaide,291.8,261.17230123157685,222.2421052631579,339
Pakistan,West Indies,Perth,130.7,265.0,204.66315789473683,307
Australia,Pakistan,Melbourne,221.09999999999997,319.6,259.92105263157896,237
England,South Africa,Port Elizabeth,198.3,224.5371835443038,221.34736842105264,267
Australia,Pakistan,Sydney,232.7,276.4,253.63684210526316,239
South Africa,England,Cape Town,147.10000000000002,306.1,211.19473684210527,291
South Africa,England,East London,216.3,135.33333333333337,226.7421052631579,311
England,South Africa,Centurion,226.0,231.46606443487212,234.02105263157895,240
Australia,New Zealand,Wellington,237.59999999999997,260.1478110049908,247.41052631578947,236
Australia,New Zealand,Christchurch,262.8,273.923768960325,241.52105263157895,314
Australia,New Zealand,Auckland,306.79999999999995,220.8460834941118,255.22105263157894,264
New Zealand,Australia,Wellington,185.5,283.9,246.52105263157895,233
India,Pakistan,Kochi,228.2,348.066490043586,252.5157894736842,281
India,Pakistan,Visakhapatnam,283.9,337.45002019386106,256.6736842105263,356
Pakistan,India,Jamshedpur,220.1,244.78437939960943,224.28947368421052,319
India,Pakistan,Ahmedabad,346.5,372.95902896226573,279.3421052631579,315
India,Pakistan,Kanpur,377.0,257.83714773794304,282.38421052631577,249
Pakistan,India,Delhi,250.3,229.91282269984276,244.6842105263158,303
West Indies,South Africa,Kingston,329.9,228.88362364524238,233.9578947368421,253
West Indies,South Africa,Kingston,306.6,342.99999999999994,232.07894736842104,152
South Africa,West Indies,Bridgetown,289.59999999999997,246.51610522444818,235.56842105263158,284
West Indies,South Africa,Port of Spain,185.9,187.20000000000002,216.9421052631579,231
West Indies,South Africa,Port of Spain,169.79999999999998,211.0,222.72105263157894,138
Pakistan,West Indies,Kingstown,235.8,200.3938561402722,258.27894736842103,192
Pakistan,West Indies,Gros Islet,231.3,265.52158431697535,238.7684210526316,258
Pakistan,West Indies,Gros Islet,257.9,269.55151359269985,235.9578947368421,303
Bangladesh,England,The Oval,133.0,155.17290802627983,166.5157894736842,190
Australia,England,Bristol,260.9,293.7973261019667,271.45789473684215,252
Australia,England,Chester-le-Street,222.60000000000002,167.75534508491882,271.7105263157895,266
Bangladesh,Australia,Canterbury,121.59999999999998,180.60456526066665,174.0,250
Australia,England,Leeds,259.3,232.37279051210976,283.55263157894734,219
England,Australia,Lord's,156.6,320.3,284.6421052631579,223
England,Australia,The Oval,188.2,266.1,290.2263157894737,228
West Indies,India,Dambulla,312.9,193.30653536225034,197.1263157894737,178
Sri Lanka,West Indies,Dambulla,158.8,342.99999999999994,229.05789473684212,241
India,Sri Lanka,Dambulla,236.7,221.1939512113155,262.11052631578946,220
West Indies,Sri Lanka,Colombo (RPS),307.8,233.4781296821607,193.7263157894737,226
Sri Lanka,India,Colombo (RPS),222.60000000000002,202.6,241.27894736842103,281
New Zealand,India,Bulawayo,118.89999999999998,154.2044244916211,254.88947368421054,215
Sri Lanka,Bangladesh,Colombo (SSC),220.00000000000003,292.8,256.27894736842103,269
Sri Lanka,Bangladesh,Colombo (RPS),247.33333333333337,251.1,260.4736842105263,295
New Zealand,India,Harare,166.39999999999998,239.37001729567444,250.03157894736842,278
Bangladesh,Sri Lanka,Colombo (RPS),136.6,142.0,185.2526315789474,108
India,New Zealand,Harare,374.4,297.11544887703974,266.0736842105263,276
New Zealand,South Africa,Bloemfontein,232.9,210.9490405155342,260.62105263157895,249
India,Sri Lanka,Nagpur,181.90000000000003,271.0,273.0473684210526,350
Sri Lanka,India,Mohali,295.70000000000005,259.1401015009411,269.3,122
South Africa,New Zealand,Cape Town,190.3,276.4,246.56842105263158,201
New Zealand,South Africa,Port Elizabeth,254.00000000000003,224.53631896530302,269.02631578947364,243
Sri Lanka,India,Jaipur,180.7,278.30104471914103,248.96315789473684,298
Sri Lanka,India,Pune,220.00000000000003,268.14790128891303,261.1,261
New Zealand,South Africa,Centurion,242.1,233.28421110362441,265.10526315789474,215
India,Sri Lanka,Ahmedabad,287.1,365.74907313098396,284.36842105263156,285
Sri Lanka,India,Rajkot,262.9,332.1301098149078,264.15263157894736,196
Sri Lanka,India,Vadodara,222.29999999999998,294.2521443296767,247.70000000000002,244
India,South Africa,Hyderabad (Deccan),266.2,330.0,282.56842105263155,249
South Africa,India,Bengaluru,301.70000000000005,299.1722613739872,245.4157894736842,169
India,South Africa,Kolkata,268.79999999999995,303.0,287.2789473684211,188
South Africa,India,Mumbai,232.4,218.3649917193016,238.13157894736844,221
Australia,New Zealand,Auckland,344.4,337.0,276.23157894736846,252
Australia,New Zealand,Wellington,302.1,175.00000000000006,272.8315789473684,322
Australia,New Zealand,Christchurch,301.0,279.00000000000006,279.07894736842104,331
England,Pakistan,Lahore,334.0,442.99999999999994,290.3,230
Sri Lanka,New Zealand,Queenstown,187.3,185.0362252020573,243.8263157894737,164
Sri Lanka,New Zealand,Christchurch,143.39999999999998,263.2383958036189,222.1157894736842,255
New Zealand,Sri Lanka,Wellington,115.1,260.4,253.2421052631579,224
Sri Lanka,New Zealand,Napier,189.79999999999998,219.31926400359865,225.2842105263158,273
Australia,Sri Lanka,Melbourne (Docklands),178.49999999999997,187.00000000000003,284.4736842105263,318
Australia,South Africa,Brisbane,264.9,212.33333333333334,293.98947368421057,228
Sri Lanka,South Africa,Brisbane,328.9,215.0,229.69473684210524,282
Sri Lanka,Australia,Sydney,187.79999999999998,326.0,241.64736842105262,309
South Africa,Sri Lanka,Adelaide,184.0,248.38721717563075,239.4,263
Sri Lanka,Australia,Adelaide,303.4,269.08665233910403,252.7473684210526,218
Sri Lanka,South Africa,Perth,325.8,263.2887269312639,246.43684210526317,221
Australia,South Africa,Melbourne (Docklands),256.2,269.5,275.5421052631579,281
Australia,South Africa,Sydney,273.5,257.4,276.4631578947368,344
India,Pakistan,Peshawar,283.0,258.46803606518586,269.2105263157895,328
Sri Lanka,South Africa,Hobart,266.90000000000003,237.12291520246032,240.2263157894737,257
Sri Lanka,Australia,Adelaide,236.6,260.09055682097926,248.45263157894738,274
Pakistan,India,Rawalpindi,293.09999999999997,305.9,275.7631578947369,265
Australia,Sri Lanka,Sydney,289.0,309.8,294.29999999999995,368
Pakistan,India,Lahore,288.1,297.8,277.68947368421055,288
Sri Lanka,Australia,Brisbane,258.0,308.3333333333333,259.9526315789474,266
Pakistan,India,Multan,314.8,342.47661521858646,286.6578947368421,161
New Zealand,West Indies,Wellington,286.3,248.6,243.94736842105263,288
Pakistan,India,Karachi,167.89999999999998,352.0,254.7684210526316,286
Bangladesh,Sri Lanka,Bogra,108.19999999999999,182.42959950096107,176.2842105263158,118
West Indies,New Zealand,Queenstown,163.69999999999996,170.17127477863323,196.4157894736842,200
Sri Lanka,Bangladesh,Bogra,281.5,124.5675504442541,253.1526315789474,212
New Zealand,West Indies,Christchurch,297.70000000000005,286.6,239.54736842105262,276
Sri Lanka,Bangladesh,Chattogram,226.7,213.6323359078241,245.1578947368421,309
Australia,South Africa,Centurion,325.9,412.0,312.5526315789474,229
New Zealand,West Indies,Napier,277.5,269.0,248.3736842105263,324
South Africa,Australia,Cape Town,322.6,232.8,250.04736842105262,289
New Zealand,West Indies,Auckland,331.8,219.40000000000003,270.33684210526314,233
Australia,South Africa,Port Elizabeth,295.70000000000005,216.0,300.9789473684211,254
South Africa,Australia,Durban,351.80000000000007,266.7,258.2684210526316,246
Australia,South Africa,Johannesburg,260.40000000000003,363.1,291.73157894736846,434
Sri Lanka,Pakistan,Colombo (RPS),316.1,305.9,261.6526315789474,130
Sri Lanka,Pakistan,Colombo (SSC),214.1,315.70000000000005,240.5157894736842,224
India,England,Delhi,177.29999999999998,275.6860189278221,285.7,203
England,India,Faridabad,313.79999999999995,173.56414791396992,279.9526315789474,226
India,England,Margao,160.99999999999997,302.0,274.08947368421053,294
England,India,Kochi,264.0,300.1472738107061,274.04210526315785,237
England,India,Indore,207.10000000000002,303.07391944114147,272.1842105263158,288
India,Pakistan,Abu Dhabi,301.9,296.6220563207472,253.80526315789473,197
India,Pakistan,Abu Dhabi,197.50000000000003,224.66519708389967,231.58947368421053,269
Bangladesh,Australia,Chattogram,236.8,153.15318948241307,171.77894736842106,195
Australia,Bangladesh,Fatullah,244.0,317.9073717016209,318.4473684210526,250
Bangladesh,Australia,Fatullah,252.1,175.2764862908111,172.26842105263157,124
West Indies,India,Kingston,203.09999999999997,245.5,207.26315789473682,198
India,West Indies,Basseterre,278.1,295.4221460424729,234.4736842105263,245
India,West Indies,Port of Spain,243.89999999999998,268.3333333333333,227.47894736842105,217
West Indies,India,Port of Spain,207.60000000000002,189.29999999999998,194.76315789473682,255
Sri Lanka,England,Lord's,285.5,232.28240625412934,243.3842105263158,257
Sri Lanka,England,The Oval,279.0,236.7891972080201,233.94210526315788,319
England,Sri Lanka,Chester-le-Street,157.99999999999997,188.51365791464337,264.6736842105263,261
England,Sri Lanka,Leeds,220.8,222.2900223375056,270.95263157894743,321
England,Pakistan,Lord's,226.4,256.40000000000003,289.4315789473684,166
England,Pakistan,Southampton,167.5,214.65279851289745,260.8631578947368,271
Pakistan,England,Nottingham,275.0,360.0,270.8315789473684,235
Pakistan,England,Birmingham,266.7,228.91945341773337,273.2052631578947,154
Australia,West Indies,Kuala Lumpur,275.5,318.56080646176036,304.93684210526317,279
India,West Indies,Kuala Lumpur,207.9,308.87731187472815,226.81052631578947,309
Australia,West Indies,Kuala Lumpur,292.40000000000003,357.82989011625386,306.0368421052632,272
India,West Indies,Kuala Lumpur,262.5,318.9004503006557,238.85263157894735,162
Australia,India,Kuala Lumpur,329.09999999999997,265.0,300.5,213
Australia,West Indies,Kuala Lumpur,282.0,188.66666666666669,292.64736842105265,240
Sri Lanka,Bangladesh,Mohali,282.1,-94.99999999999983,271.5368421052632,302
West Indies,Sri Lanka,Mumbai (BS),300.8,248.23156844976964,207.8157894736842,80
England,India,Jaipur,255.8,270.43908677571744,247.6684210526316,125
New Zealand,South Africa,Mumbai (BS),222.4,83.87711113452825,261.0736842105263,195
Sri Lanka,Pakistan,Jaipur,179.5,232.26730436093393,276.29999999999995,253
West Indies,Australia,Mumbai (BS),270.7,124.6725069543356,188.96842105263158,234
New Zealand,Sri Lanka,Mumbai (BS),168.8,176.4656944656634,249.44210526315788,165
England,Australia,Jaipur,262.20000000000005,240.4118318298262,218.33684210526314,169
South Africa,Sri Lanka,Ahmedabad,238.6,316.0927994661328,245.9157894736842,219
New Zealand,Pakistan,Mohali,259.8,240.5233718554919,240.77894736842106,274
India,West Indies,Ahmedabad,198.20000000000002,255.00000000000003,229.73684210526315,223
South Africa,Pakistan,Mohali,224.6,247.24140119521533,244.03157894736842,213
West Indies,England,Ahmedabad,201.8,243.81718240880033,203.6578947368421,272
India,Australia,Mohali,194.79999999999998,252.35807392258437,231.13684210526318,249
Australia,New Zealand,Mohali,335.90000000000003,286.3674096867177,280.96315789473687,240
South Africa,West Indies,Jaipur,286.5,219.12029506336293,231.91578947368419,258
West Indies,Australia,Mumbai (BS),258.9,387.9999999999999,209.9157894736842,138
South Africa,India,Durban,172.9,246.8,241.92631578947368,248
South Africa,India,Cape Town,186.49999999999997,257.6,245.4578947368421,274
South Africa,India,Port Elizabeth,257.7,250.29999999999998,254.96315789473684,243
India,South Africa,Centurion,182.79999999999998,17.00000000000007,231.54736842105262,200
West Indies,Pakistan,Faisalabad,395.1,237.58054134306835,199.7,151
West Indies,Pakistan,Lahore,242.90000000000003,226.33333333333334,178.16315789473683,207
Pakistan,West Indies,Multan,326.70000000000005,-0.9999999999999147,256.12631578947367,209
West Indies,Pakistan,Karachi,177.6,268.975625,171.45263157894738,238
New Zealand,Sri Lanka,Napier,174.10000000000002,330.5,246.66315789473686,285
Sri Lanka,New Zealand,Queenstown,255.8,194.81013480982188,275.14736842105265,224
Sri Lanka,New Zealand,Christchurch,293.9,280.4782616219424,258.7894736842105,112
Sri Lanka,New Zealand,Auckland,165.10000000000002,217.11005176674317,229.62105263157895,262
Australia,New Zealand,Hobart,257.9,332.0,269.76842105263154,289
New Zealand,England,Hobart,225.70000000000002,244.59482025687925,257.3315789473684,205
New Zealand,Australia,Sydney,229.29999999999998,115.00000000000001,244.44736842105263,218
India,West Indies,Nagpur,201.5,368.3333333333333,217.06315789473686,338
New Zealand,England,Adelaide,215.1,260.0,242.42631578947368,210
England,Australia,Adelaide,166.8,94.3333333333334,193.82105263157894,110
India,West Indies,Chennai,224.99999999999997,289.5751816523085,220.12631578947367,268
Australia,New Zealand,Perth,284.4,327.7,270.1842105263158,343
New Zealand,England,Perth,235.29999999999998,261.4323796333829,231.68947368421053,318
India,West Indies,Vadodara,289.4,288.81162022684833,226.8315789473684,341
England,Australia,Sydney,105.79999999999997,101.50000000000003,165.31578947368422,292
New Zealand,Australia,Melbourne,265.9,242.0,245.3736842105263,290
South Africa,Pakistan,Centurion,233.70000000000002,324.7,249.57894736842107,392
England,New Zealand,Brisbane,166.79999999999998,185.33333333333331,180.68947368421053,270
Pakistan,South Africa,Durban,143.2,248.5434703849485,236.0421052631579,351
Australia,England,Melbourne,241.10000000000002,247.59999999999997,275.59473684210525,252
England,Australia,Sydney,227.8,208.5,188.14210526315787,246
Sri Lanka,India,Rajkot,266.79999999999995,298.09489212302253,234.79473684210527,257
Pakistan,South Africa,Cape Town,277.1,251.10717045864254,263.59473684210525,107
Sri Lanka,India,Margao,221.50000000000003,276.36132635823657,240.18421052631578,230
Pakistan,South Africa,Johannesburg,186.60000000000002,262.2069396763119,229.03684210526316,153
Australia,New Zealand,Wellington,305.0,310.0,264.6684210526316,148
Sri Lanka,India,Visakhapatnam,237.3,327.5059363150814,243.69473684210527,259
Australia,New Zealand,Auckland,191.29999999999998,296.66666666666663,241.04736842105262,336
Australia,New Zealand,Hamilton,286.5,179.74478309192276,258.8157894736842,346
West Indies,Pakistan,Kingston,181.0,223.79999999999998,176.7842105263158,241
England,New Zealand,Gros Islet,255.70000000000002,279.0,207.80526315789473,209
India,Bangladesh,Port of Spain,361.66666666666663,257.5,256.8315789473684,191
Sri Lanka,Bangladesh,Port of Spain,301.4,221.79386631709153,243.7157894736842,318
Sri Lanka,India,Port of Spain,270.79999999999995,231.16858172051218,256.62631578947367,254
Australia,South Africa,Basseterre,373.2,290.9854921780015,277.0,377
Australia,West Indies,North Sound,236.5,316.82936660784503,290.521052631579,322
Sri Lanka,South Africa,Providence,256.5,277.9185182203617,254.00526315789475,209
West Indies,New Zealand,North Sound,209.5,290.78986170997075,188.50526315789472,177
Bangladesh,Australia,North Sound,174.0,170.28991559589608,168.17894736842106,104
Sri Lanka,West Indies,Providence,204.49999999999997,221.48892657283363,246.03157894736844,303
Bangladesh,New Zealand,North Sound,183.3333333333333,135.56197674574068,154.7736842105263,174
Sri Lanka,England,North Sound,345.3,207.04839198799448,259.5842105263158,235
Bangladesh,South Africa,Providence,70.0,174.87870888531037,154.94210526315788,251
England,Australia,North Sound,252.49999999999997,196.8484324747055,202.90526315789472,247
South Africa,West Indies,St George's,296.3,247.2539655767143,282.0105263157895,356
Bangladesh,England,Bridgetown,227.2,168.46072658341163,175.43684210526317,143
New Zealand,Sri Lanka,St George's,284.1,261.6350514847539,254.9842105263158,219
South Africa,New Zealand,St George's,157.89999999999998,425.0,296.86842105263156,193
Sri Lanka,Australia,St George's,250.99999999999997,255.08399068110182,258.15263157894736,226
England,South Africa,Bridgetown,259.5,239.00000000000003,206.40526315789475,154
West Indies,Bangladesh,Bridgetown,181.2,282.5,188.33157894736843,230
Australia,New Zealand,St George's,324.5,221.33333333333334,292.65789473684214,348
West Indies,England,Bridgetown,255.70000000000002,278.7,207.9157894736842,300
Sri Lanka,New Zealand,Kingston,181.1,229.37345437759657,249.1578947368421,289
South Africa,Australia,Gros Islet,251.70000000000002,276.5965226735864,281.61578947368423,149
Australia,Sri Lanka,Bridgetown,364.9,290.99856781174446,302.94736842105266,281
Bangladesh,India,Dhaka,242.20000000000002,196.4,168.8421052631579,250
India,Bangladesh,Dhaka,227.0,322.90000000000003,249.44736842105263,284
Sri Lanka,Pakistan,Abu Dhabi,194.5,246.35498364798573,263.7736842105263,235
Pakistan,Sri Lanka,Abu Dhabi,91.20000000000005,242.49720160906386,197.9578947368421,313
Sri Lanka,Pakistan,Abu Dhabi,231.5,273.5882932925074,247.17894736842106,296
India,South Africa,Belfast,159.49999999999997,271.2631707338323,257.9789473684211,242
South Africa,India,Belfast,243.9,250.49464504629833,246.09473684210528,148
West Indies,England,Birmingham,319.30000000000007,184.94993515709427,233.26315789473682,278
West Indies,England,Nottingham,306.5,219.54726765533357,241.7736842105263,289
Sri Lanka,Bangladesh,Colombo (PSS),328.0,284.50846430272327,252.01052631578946,234
Bangladesh,Sri Lanka,Colombo (RPS),143.6,72.6666666666667,180.65263157894736,137
Sri Lanka,Bangladesh,Colombo (RPS),290.9,195.20000000000002,247.1263157894737,196
England,India,Southampton,146.0,291.0,204.23157894736843,288
India,England,Bristol,277.6,272.2423345195729,250.49473684210525,329
England,India,Birmingham,236.39999999999998,208.8132006027347,215.89473684210526,281
India,England,Manchester,331.6,224.1417654398004,275.7684210526316,212
India,England,Leeds,268.1,235.03265496653728,263.15263157894736,324
England,India,The Oval,270.2,259.0,227.17894736842106,316
India,England,Lord's,291.09999999999997,242.0587603748985,283.3315789473684,187
Sri Lanka,England,Dambulla,271.5,296.0,242.1842105263158,269
Australia,India,Kochi,245.19999999999996,347.9779719606576,306.0736842105263,306
England,Sri Lanka,Dambulla,317.1,33.00000000000002,245.8684210526316,234
Australia,India,Hyderabad (Deccan),300.3,363.69875876610763,317.9736842105263,290
Sri Lanka,England,Dambulla,261.6,298.80000000000007,253.66842105263157,164
India,Australia,Chandigarh,200.0,274.1986137677486,267.4157894736842,291
Sri Lanka,England,Colombo (RPS),153.3,167.50000000000003,243.0736842105263,211
India,Australia,Vadodara,263.0,392.0,269.8578947368421,148
Sri Lanka,England,Colombo (RPS),153.90000000000003,150.9,238.3842105263158,211
Australia,India,Nagpur,276.5,388.43790354756834,311.5578947368421,317
Australia,India,Mumbai,294.90000000000003,274.80516287645975,312.4736842105263,193
South Africa,Pakistan,Lahore,346.1,351.0,229.71578947368423,294
Pakistan,South Africa,Lahore,164.10000000000002,295.6,214.8578947368421,265
South Africa,Pakistan,Faisalabad,374.5,246.15418277579892,247.11052631578949,197
Pakistan,South Africa,Multan,198.0,117.00000000000004,208.88947368421051,230
South Africa,Pakistan,Lahore,255.7,315.0,242.24736842105264,233
Pakistan,India,Guwahati,219.2,221.58836331306597,210.98421052631576,239
India,Pakistan,Mohali,228.4,302.0,250.55263157894737,321
India,Pakistan,Kanpur,298.3,244.50844308432156,264.978947368421,294
Pakistan,India,Gwalior,231.6,286.71632602936427,217.4842105263158,255
Pakistan,India,Jaipur,249.4,225.20767297843327,226.59473684210525,306
South Africa,New Zealand,Port Elizabeth,165.0,228.9,236.34736842105264,209
New Zealand,South Africa,Cape Town,215.0,242.87427071415667,244.5421052631579,238
New Zealand,Australia,Adelaide,264.6,219.0,246.06315789473683,254
Australia,New Zealand,Hobart,366.6,335.66666666666663,308.43684210526317,282
New Zealand,Bangladesh,Napier,245.33333333333334,340.1,248.05789473684212,335
Bangladesh,New Zealand,Queenstown,210.8,135.4763385153986,183.50526315789475,93
West Indies,South Africa,Centurion,109.40000000000002,223.49042559667737,259.64210526315793,175
South Africa,West Indies,Cape Town,327.2,269.6,221.43684210526314,255
West Indies,South Africa,Durban,232.8,230.01371661610384,245.8578947368421,263
West Indies,South Africa,Johannesburg,265.20000000000005,453.9999999999999,255.27894736842106,295
Australia,Sri Lanka,Sydney,359.4,344.49999999999994,304.7,253
England,New Zealand,Wellington,252.3,228.49110047192218,252.81578947368422,130
Australia,India,Melbourne,255.10000000000002,259.9,298.0157894736842,159
India,Sri Lanka,Canberra,318.1,281.0284589741897,269.56315789473683,195
England,New Zealand,Hamilton,198.4,204.30838737980505,236.68947368421053,158
New Zealand,England,Auckland,284.79999999999995,248.4,265.4789473684211,234
Australia,Sri Lanka,Perth,305.5,330.0,272.1315789473684,236
Australia,India,Adelaide,135.7,298.5,256.59999999999997,203
Sri Lanka,India,Adelaide,255.39999999999998,330.0,231.0,238
Australia,Sri Lanka,Melbourne,207.50000000000003,155.29999999999998,237.23157894736843,184
England,New Zealand,Christchurch,111.4,225.8831880602674,235.17894736842106,242
Australia,India,Sydney,132.79999999999998,326.90000000000003,214.64736842105262,317
Sri Lanka,India,Hobart,243.4,247.92403767286478,216.25263157894736,179
Sri Lanka,Australia,Melbourne,258.1,241.99999999999997,205.0842105263158,221
Australia,India,Sydney,240.79999999999998,323.7,225.22105263157894,239
India,Australia,Brisbane,210.3,410.99999999999994,263.7842105263158,258
Pakistan,Bangladesh,Lahore,254.5,279.7,233.81052631578947,322
Sri Lanka,West Indies,Port of Spain,289.8,190.00000000000006,203.04736842105262,235
Bangladesh,Pakistan,Faisalabad,211.9,162.656518050329,160.7473684210526,225
Pakistan,Bangladesh,Lahore,323.59999999999997,306.0,250.06842105263158,308
Bangladesh,Pakistan,Multan,196.2,165.22583446701,175.0105263157895,210
Pakistan,Bangladesh,Karachi,325.79999999999995,316.59999999999997,267.7263157894737,329
Pakistan,Bangladesh,Dhaka,335.1,273.1,295.2947368421053,233
Bangladesh,India,Dhaka,229.6,169.6,179.81578947368422,222
Pakistan,India,Dhaka,327.1,224.79999999999998,287.4842105263158,315
England,New Zealand,Chester-le-Street,169.69999999999996,420.9999999999999,235.09473684210525,307
New Zealand,England,Bristol,270.09999999999997,287.78473483174656,258.0052631578947,182
Sri Lanka,Bangladesh,Lahore,183.6,329.0,178.13684210526316,357
England,New Zealand,The Oval,301.59999999999997,287.9,258.9684210526316,245
Pakistan,India,Karachi,317.7,336.6,302.07894736842104,299
New Zealand,England,Lord's,223.20000000000002,238.66618944586605,240.87368421052633,266
Sri Lanka,Pakistan,Karachi,330.5,190.00000000000006,213.17368421052632,302
Sri Lanka,Bangladesh,Karachi,277.8,297.3333333333333,229.18421052631578,332
Sri Lanka,India,Karachi,195.10000000000002,346.0,245.2263157894737,308
Australia,West Indies,Basseterre,238.5,360.0711029973745,199.01052631578946,282
Sri Lanka,India,Karachi,254.49999999999997,340.0,265.41052631578947,273
India,Sri Lanka,Dambulla,264.5,235.0,275.40000000000003,146
Sri Lanka,India,Dambulla,282.8,187.7,270.6421052631579,142
England,South Africa,Leeds,201.5,485.9999999999999,252.96842105263158,275
South Africa,England,Nottingham,339.4,258.35664013965993,221.1157894736842,83
Sri Lanka,India,Colombo (RPS),198.6,182.5,248.03157894736842,227
England,South Africa,The Oval,229.10000000000002,255.1,256.1684210526316,296
Australia,Bangladesh,Darwin,247.0,291.0933400210035,230.53684210526316,254
South Africa,England,Lord's,219.8,227.65745742806814,190.7210526315789,183
Bangladesh,Australia,Darwin,103.6,188.14042005531365,205.1578947368421,117
Australia,Bangladesh,Darwin,252.0,254.0,239.47368421052633,198
New Zealand,Bangladesh,Dhaka,338.0,311.99999999999994,248.6157894736842,201
New Zealand,Bangladesh,Dhaka,258.3,226.0,242.3157894736842,212
New Zealand,Bangladesh,Chattogram,222.5,216.4666508779194,244.95789473684212,249
South Africa,Bangladesh,Potchefstroom,245.33333333333337,294.4695750360469,186.17894736842106,283
South Africa,Bangladesh,Benoni,263.0,219.12976375378076,198.33157894736843,358
India,England,Rajkot,231.9,301.05872371818515,242.39473684210526,387
Pakistan,West Indies,Abu Dhabi,228.3,286.81671164262553,315.34736842105264,232
Pakistan,West Indies,Abu Dhabi,248.10000000000002,151.00000000000006,300.3368421052632,273
India,England,Indore,315.09999999999997,327.88699499297695,269.2894736842105,292
England,India,Kanpur,323.20000000000005,243.15409946314483,270.34736842105264,240
India,England,Bengaluru,347.3,290.7453561043985,283.7578947368421,166
England,India,Cuttack,327.4,230.08415176130848,262.40000000000003,270
New Zealand,West Indies,Christchurch,268.4,301.0,246.23157894736843,152
West Indies,New Zealand,Wellington,204.10000000000002,222.76440224282592,280.47368421052636,128
West Indies,New Zealand,Napier,140.9,222.26543384292506,263.09473684210525,293
Sri Lanka,Bangladesh,Dhaka,332.7,108.00000000000003,251.0421052631579,147
Bangladesh,Sri Lanka,Dhaka,121.60000000000001,167.1,186.9578947368421,152
Australia,South Africa,Melbourne,408.90000000000003,133.0,232.7842105263158,271
Australia,South Africa,Hobart,375.09999999999997,321.5,245.66315789473683,249
Sri Lanka,Pakistan,Karachi,321.70000000000005,315.8,232.77894736842106,219
Sri Lanka,Pakistan,Karachi,260.7,219.3,237.3684210526316,290
Australia,South Africa,Sydney,265.1,225.9,247.6,269
Sri Lanka,Pakistan,Lahore,278.3,380.0,250.19473684210527,309
Australia,South Africa,Adelaide,182.60000000000005,230.79999999999998,256.93684210526317,222
Sri Lanka,India,Dambulla,204.80000000000004,112.49999999999999,261.5368421052632,246
India,Sri Lanka,Colombo (RPS),220.59999999999997,245.8,256.43157894736845,256
Australia,New Zealand,Perth,376.00000000000006,269.6,255.60526315789474,181
India,Sri Lanka,Colombo (RPS),288.6,246.6,258.2684210526316,363
India,Sri Lanka,Colombo (RPS),387.90000000000003,341.5,277.0842105263158,332
Australia,New Zealand,Melbourne,186.40000000000003,220.6,250.27368421052634,225
Australia,New Zealand,Sydney,153.7,225.60000000000002,241.53157894736842,301
Sri Lanka,India,Colombo (RPS),188.19999999999996,257.7,266.9473684210526,320
New Zealand,Australia,Adelaide,289.29999999999995,241.0,223.45263157894738,244
India,New Zealand,Napier,385.5,267.43725828144915,297.86315789473684,273
India,New Zealand,Christchurch,353.6,275.7488705753673,293.24736842105267,392
New Zealand,India,Hamilton,272.0,206.12228285635732,216.27894736842106,270
India,New Zealand,Auckland,371.6,244.01830277994102,324.43684210526317,149
West Indies,England,Providence,339.4000000000001,255.03671717702917,260.45789473684215,264
England,West Indies,Bridgetown,284.6,98.6666666666667,263.94736842105266,117
West Indies,England,Bridgetown,272.5,301.6,266.4894736842105,239
Australia,South Africa,Durban,184.0,269.0,257.7894736842105,286
England,West Indies,Gros Islet,137.9,184.6666666666667,241.19473684210527,172
Australia,South Africa,Centurion,260.3,261.0,267.38947368421054,131
South Africa,Australia,Cape Town,225.60000000000002,262.29999999999995,228.32631578947368,289
South Africa,Australia,Port Elizabeth,264.79999999999995,180.7,239.1052631578947,317
Australia,South Africa,Johannesburg,165.7,484.4,234.5842105263158,303
Australia,Pakistan,Dubai (DSC),259.0,271.26908256128553,245.53684210526316,168
Pakistan,Australia,Dubai (DSC),193.80000000000004,181.92518789431733,306.87894736842105,207
Australia,Pakistan,Abu Dhabi,167.20000000000002,273.20352837549166,224.6105263157895,198
Pakistan,Australia,Abu Dhabi,187.4,232.6666666666667,294.5210526315789,197
Australia,Pakistan,Abu Dhabi,160.5,260.31428756168617,208.0368421052632,250
West Indies,England,Bristol,233.2,254.0891527241368,271.4473684210526,160
England,West Indies,Birmingham,140.8,221.16258809066196,229.07894736842107,328
India,West Indies,Kingston,321.6,255.44690102603255,290.08947368421053,339
India,West Indies,Kingston,341.2,270.8284265732972,306.38421052631577,188
West Indies,India,Gros Islet,209.4,234.89916432727125,245.61052631578949,186
West Indies,Bangladesh,Basseterre,263.2,315.466852587659,230.18421052631578,248
Pakistan,Sri Lanka,Dambulla,219.59999999999997,200.0,271.2263157894737,168
Pakistan,Sri Lanka,Dambulla,215.4,182.8,247.82105263157897,288
Australia,England,Lord's,250.39999999999998,269.0,220.07368421052632,249
England,Australia,Southampton,306.0,307.0,245.04736842105262,228
New Zealand,India,Colombo (RPS),303.79999999999995,218.0,225.67894736842103,155
Sri Lanka,India,Colombo (RPS),301.0,272.7,259.42105263157896,307
England,Australia,Nottingham,198.0,375.0,229.9578947368421,299
Australia,England,Nottingham,251.29999999999998,245.7490356069799,224.51052631578946,296
Australia,England,Chester-le-Street,300.5,222.40924880069775,231.77894736842103,176
Sri Lanka,South Africa,Centurion,188.5,248.42094019479353,270.9315789473684,319
West Indies,Pakistan,Johannesburg,322.20000000000005,392.0,231.56842105263158,133
New Zealand,South Africa,Centurion,234.7,284.0,213.41578947368419,214
Sri Lanka,England,Johannesburg,186.2,42.00000000000004,276.92105263157896,212
Australia,West Indies,Johannesburg,300.3,411.0,221.7263157894737,275
Pakistan,India,Centurion,336.80000000000007,400.99999999999994,253.10526315789477,302
New Zealand,Sri Lanka,Johannesburg,265.90000000000003,245.0906330703737,205.7421052631579,315
Pakistan,Australia,Centurion,219.7,396.9999999999999,264.8157894736842,205
West Indies,India,Johannesburg,219.6,203.5,210.14210526315787,129
England,Australia,Centurion,271.70000000000005,406.0,243.2473684210526,257
Pakistan,New Zealand,Johannesburg,120.80000000000001,269.59074124084174,251.7421052631579,233
New Zealand,Australia,Centurion,265.2,259.66666666666663,219.6315789473684,200
Australia,India,Vadodara,297.2,262.3177455769762,239.97894736842105,292
India,Australia,Nagpur,224.9,369.5,289.5421052631579,354
Australia,India,Delhi,332.6,239.5443141327508,252.60000000000002,229
Australia,India,Mohali,264.1,252.43714368941133,245.53684210526316,250
Pakistan,New Zealand,Abu Dhabi,166.7,177.0,241.16315789473686,287
Australia,India,Hyderabad (Deccan),222.20000000000002,300.6547607058294,250.63684210526316,350
New Zealand,Pakistan,Abu Dhabi,285.0,256.2030107611258,208.06315789473683,303
India,Australia,Guwahati,313.1,254.61914388735286,307.8263157894737,170
New Zealand,Pakistan,Abu Dhabi,344.1,259.24696516584396,229.7578947368421,211
India,Sri Lanka,Rajkot,364.99999999999994,346.35579072144463,276.90000000000003,414
Sri Lanka,India,Cuttack,375.3,256.72240674660065,264.16315789473686,239
Sri Lanka,India,Kolkata,293.3,280.86561339407615,258.56842105263155,315
Bangladesh,Sri Lanka,Dhaka,126.89999999999999,143.89999999999998,193.67894736842106,260
India,Sri Lanka,Dhaka,333.20000000000005,331.29999999999995,311.3,279
Bangladesh,India,Dhaka,293.7,244.9,207.82631578947368,296
Bangladesh,Sri Lanka,Dhaka,256.4,317.79999999999995,221.01052631578946,249
Sri Lanka,India,Dhaka,302.50000000000006,76.00000000000003,253.8684210526316,213
Bangladesh,India,Dhaka,306.09999999999997,295.20000000000005,229.86842105263156,247
India,Sri Lanka,Dhaka,291.8,324.20000000000005,313.64736842105265,245
Pakistan,Australia,Brisbane,178.8,271.33333333333337,242.37894736842105,274
Australia,Pakistan,Sydney,213.9,290.2,273.521052631579,267
Australia,Pakistan,Adelaide,265.8,204.40000000000003,280.52631578947364,286
Australia,Pakistan,Perth,325.30000000000007,182.9,285.92105263157896,277
Pakistan,Australia,Perth,275.2,325.0,242.08947368421053,212
New Zealand,Bangladesh,Napier,211.9,352.70000000000005,230.04736842105262,336
Australia,West Indies,Melbourne,316.4,235.6,283.7578947368421,256
Bangladesh,New Zealand,Dunedin,115.9,212.61357634602106,246.05789473684212,183
West Indies,Australia,Adelaide,200.0,554.9999999999999,182.21052631578945,170
Bangladesh,New Zealand,Christchurch,157.3,209.65622931293265,237.00526315789475,241
Australia,West Indies,Brisbane,297.1,208.0,280.9736842105263,324
Australia,West Indies,Melbourne,295.29999999999995,289.5,300.1,324
India,South Africa,Jaipur,220.3,277.53008479873324,290.8947368421052,298
India,South Africa,Gwalior,281.0,305.0,287.7157894736842,401
South Africa,India,Ahmedabad,153.4,274.39452948817876,267.2736842105263,365
Bangladesh,England,Dhaka,184.6,294.5,251.3105263157895,228
Bangladesh,England,Dhaka,203.7,222.1,250.07368421052632,260
Australia,New Zealand,Napier,222.1,457.99999999999994,317.1263157894737,275
Australia,New Zealand,Auckland,284.6,366.5,305.80526315789473,273
New Zealand,Australia,Hamilton,216.6,358.0,248.36315789473684,245
New Zealand,Australia,Auckland,203.4,240.2,249.9894736842105,238
New Zealand,Australia,Wellington,226.9,240.79999999999998,249.10526315789474,241
South Africa,West Indies,North Sound,306.8,211.1080453866696,305.95789473684215,280
South Africa,West Indies,North Sound,283.29999999999995,225.17541533712375,308.62631578947367,300
South Africa,West Indies,Roseau,292.2,274.47087059081684,308.8263157894737,224
West Indies,South Africa,Roseau,345.2,239.0220564051965,169.37368421052628,303
West Indies,South Africa,Port of Spain,347.29999999999995,244.60000000000002,192.18947368421053,252
India,Sri Lanka,Harare,226.70000000000002,333.02941694996326,306.60526315789474,268
Sri Lanka,Pakistan,Dambulla,255.4,213.0,255.7,242
Bangladesh,India,Dambulla,280.0,173.0060401049521,261.2105263157895,167
Sri Lanka,Bangladesh,Dambulla,241.79999999999998,279.0,261.88947368421054,312
India,Sri Lanka,Dambulla,196.99999999999997,131.33333333333337,311.5736842105263,209
Australia,England,Southampton,211.8,251.80785688561082,311.7263157894737,267
India,Sri Lanka,Dambulla,201.9,179.5,295.62105263157895,268
Australia,England,Cardiff,231.89999999999998,285.0,301.2894736842105,239
Australia,England,Manchester,230.7,241.14510702041224,287.16315789473686,212
Australia,England,The Oval,206.5,274.6666666666667,273.01052631578943,290
Australia,England,Lord's,288.70000000000005,242.33333333333334,276.2157894736842,277
Bangladesh,England,Nottingham,253.8,214.57043797548607,240.3105263157895,250
Bangladesh,England,Bristol,278.1,219.18685449554224,244.6842105263158,236
England,Bangladesh,Birmingham,177.00000000000006,375.0,263.978947368421,347
New Zealand,India,Dambulla,234.7,173.0,250.67368421052632,288
Sri Lanka,India,Dambulla,216.4,335.6,280.72105263157897,170
India,Sri Lanka,Dambulla,236.4,244.09999999999997,278.1894736842105,103
India,New Zealand,Dambulla,201.0,155.6,236.56842105263158,223
Sri Lanka,India,Dambulla,172.5,218.79999999999998,267.03684210526313,299
England,Pakistan,Chester-le-Street,187.20000000000002,428.9999999999999,272.5315789473684,274
Pakistan,England,Leeds,155.80000000000004,261.59142652527896,272.3578947368421,294
Pakistan,England,The Oval,197.00000000000003,270.6910879490166,285.47368421052636,241
Pakistan,England,Lord's,263.1,239.0,277.4263157894737,265
England,Pakistan,Southampton,275.3,246.5,266.3,256
Bangladesh,New Zealand,Dhaka,213.2,228.1,244.54210526315788,228
New Zealand,Bangladesh,Dhaka,281.6,218.5,261.62631578947367,173
Bangladesh,New Zealand,Dhaka,249.79999999999998,233.7,238.33157894736843,241
Bangladesh,New Zealand,Dhaka,299.5,237.20000000000002,242.87368421052633,174
Australia,India,Visakhapatnam,326.0,343.45238053618874,275.0736842105263,289
Pakistan,South Africa,Abu Dhabi,195.99999999999997,234.3,283.5473684210526,203
South Africa,Pakistan,Abu Dhabi,219.30000000000004,264.06164531491345,300.35789473684207,286
South Africa,Pakistan,Dubai (DSC),198.5,203.0156374535069,295.2894736842105,228
Australia,Sri Lanka,Melbourne,140.5,331.5,281.3315789473684,239
Sri Lanka,Australia,Sydney,222.4,336.1,265.61052631578946,213
South Africa,Pakistan,Dubai (DSC),234.7,214.86013389171285,293.34736842105264,274
Sri Lanka,Australia,Brisbane,189.9,303.5,254.3473684210526,115
South Africa,Pakistan,Dubai (DSC),288.29999999999995,320.0,290.4157894736842,317
India,New Zealand,Guwahati,193.6,241.31552432017878,233.7526315789474,276
New Zealand,India,Jaipur,248.1,235.09771551809555,242.8684210526316,258
New Zealand,India,Vadodara,243.2,261.9678488538367,250.97894736842105,224
New Zealand,India,Bengaluru,242.3,240.74499577925505,244.88947368421054,315
New Zealand,India,Chennai,324.8,273.48746520675013,257.9105263157895,103
South Africa,India,Durban,277.29999999999995,239.5,299.0368421052632,289
India,South Africa,Johannesburg,423.0,305.0,240.15789473684208,190
England,Australia,Melbourne,277.5,306.0,264.36315789473684,294
South Africa,India,Cape Town,323.5,335.7,297.9526315789474,220
Australia,England,Hobart,278.29999999999995,286.9,263.8052631578948,230
Pakistan,New Zealand,Wellington,254.20000000000002,241.6243981007997,276.20526315789476,124
England,Australia,Sydney,310.3,257.1,277.3315789473684,214
England,Australia,Adelaide,251.7,35.00000000000008,267.3263157894737,299
Pakistan,New Zealand,Christchurch,174.7,263.2639836919861,246.82105263157897,293
Australia,England,Brisbane,263.7,285.5,254.94736842105263,249
New Zealand,Pakistan,Napier,250.4,359.3,231.18947368421053,262
England,Australia,Sydney,259.7,240.5,278.2842105263158,333
Pakistan,New Zealand,Hamilton,280.1,233.0266472489697,257.6894736842105,268
New Zealand,Pakistan,Auckland,225.5,244.7,227.3421052631579,311
Australia,England,Perth,255.79999999999998,219.0,252.56842105263158,279
Sri Lanka,West Indies,Colombo (SSC),167.20000000000002,236.0,214.44210526315788,277
India,Bangladesh,Dhaka,257.4,233.9,223.4157894736842,370
New Zealand,Australia,Nagpur,243.2,323.3253382137912,242.21052631578948,206
Pakistan,Sri Lanka,Colombo (RPS),299.3,351.5,255.6,277
Bangladesh,West Indies,Dhaka,213.7,188.10000000000002,232.0263157894737,58
England,South Africa,Chennai,349.99999999999994,247.7156808567323,298.09473684210525,171
New Zealand,Pakistan,Pallekele,282.1,260.8685239933384,238.03157894736844,302
England,Bangladesh,Chattogram,296.6666666666667,240.88189848819985,278.43684210526317,225
India,South Africa,Nagpur,307.9,338.8,257.7631578947368,296
England,West Indies,Chennai,254.79999999999998,125.00000000000004,274.1421052631579,243
Sri Lanka,New Zealand,Mumbai,268.9,229.9445355771272,215.77894736842103,265
South Africa,Bangladesh,Dhaka,330.3,286.0,250.46842105263158,284
Australia,Pakistan,Colombo (RPS),313.79999999999995,193.5,249.57368421052632,176
India,West Indies,Chennai,285.70000000000005,255.5933668295751,249.52105263157895,268
West Indies,Pakistan,Dhaka,195.0,293.40000000000003,197.97894736842105,112
Australia,India,Ahmedabad,316.5,322.37823096001966,227.62105263157898,260
New Zealand,South Africa,Dhaka,234.29999999999998,184.4,240.7473684210526,221
England,Sri Lanka,Colombo (RPS),339.6,251.1276233130429,274.15789473684214,229
New Zealand,Sri Lanka,Colombo (RPS),260.4,170.1,231.7736842105263,217
India,Pakistan,Mohali,330.50000000000006,380.33333333333326,255.3578947368421,260
Sri Lanka,India,Mumbai,225.3,236.33328498356565,222.02105263157895,274
Australia,Bangladesh,Dhaka,208.9,264.1741218159152,235.2157894736842,270
Bangladesh,Australia,Dhaka,50.89999999999999,54.800000000000004,199.93684210526317,229
Australia,Bangladesh,Dhaka,241.2,264.64947379192137,236.62105263157895,361
Pakistan,West Indies,Bridgetown,242.70000000000002,246.19034066806375,253.18947368421053,248
West Indies,India,Port of Spain,127.0,217.6,185.36315789473684,214
West Indies,India,Port of Spain,168.2,242.0,195.5421052631579,240
West Indies,India,North Sound,204.2,204.84863794053473,192.96315789473684,225
West Indies,India,North Sound,255.5,273.0,204.72105263157894,249
India,West Indies,Kingston,234.89999999999998,37.00000000000006,243.23157894736843,251
England,Sri Lanka,The Oval,237.9,312.9,254.0842105263158,229
Sri Lanka,England,Leeds,193.3,252.54198489151938,232.6578947368421,309
England,Sri Lanka,Lord's,208.0,185.4,238.61052631578946,246
Sri Lanka,England,Nottingham,308.70000000000005,260.65217217687285,243.55263157894737,174
England,Sri Lanka,Manchester,205.3,242.0,243.7,268
Sri Lanka,Australia,Pallekele,113.69999999999997,312.79538888119544,235.02105263157893,191
Sri Lanka,Australia,Hambantota,140.4,267.10135473054794,222.00526315789472,208
Sri Lanka,Australia,Hambantota,175.2,213.35307530545592,211.18421052631578,286
Sri Lanka,Australia,Colombo (RPS),274.29999999999995,310.5,226.6263157894737,132
Australia,Sri Lanka,Colombo (RPS),192.7,173.1,258.37894736842105,211
West Indies,Bangladesh,Dhaka,304.9,135.10000000000002,218.99473684210528,298
India,England,Hyderabad (Deccan),264.2,199.00000000000003,243.33684210526314,300
Bangladesh,West Indies,Dhaka,132.2,131.7,211.70000000000002,220
England,India,Delhi,255.9,252.18117122135695,242.90526315789475,237
England,India,Mohali,228.60000000000002,269.92116969674294,234.35263157894735,298
England,India,Mumbai,260.5,248.57126785369465,246.87894736842108,220
South Africa,Australia,Port Elizabeth,342.4,216.8,252.31052631578947,303
India,England,Kolkata,353.70000000000005,160.66666666666669,255.59473684210528,271
South Africa,Australia,Durban,370.3,270.4,266.62105263157895,222
Sri Lanka,Pakistan,Dubai (DSC),254.79999999999998,234.60521952946,212.9894736842105,131
Sri Lanka,Pakistan,Dubai (DSC),125.30000000000004,213.27677741088894,189.7157894736842,235
Pakistan,Sri Lanka,Dubai (DSC),329.30000000000007,239.06028579934505,218.3578947368421,257
Pakistan,Sri Lanka,Sharjah,252.6,297.6,226.1315789473684,200
Sri Lanka,Pakistan,Abu Dhabi,155.1,357.0,191.64736842105262,218
West Indies,India,Cuttack,286.70000000000005,206.82805139583894,204.34736842105264,211
Bangladesh,Pakistan,Dhaka,136.6,188.29999999999998,203.06315789473683,91
West Indies,India,Visakhapatnam,228.70000000000002,260.67627604416265,202.8578947368421,269
Pakistan,Bangladesh,Dhaka,330.70000000000005,279.0,218.6526315789474,262
West Indies,India,Ahmedabad,252.0,220.00000000000003,222.76315789473682,260
Pakistan,Bangladesh,Chattogram,292.6,217.77623878749,227.48421052631576,177
India,West Indies,Indore,202.1,285.0,259.521052631579,418
India,West Indies,Chennai,359.1,268.0,289.0368421052632,267
South Africa,Sri Lanka,Paarl,229.4,269.3154909041693,257.4947368421053,301
Sri Lanka,South Africa,East London,276.20000000000005,241.87618330541852,199.04210526315788,236
Sri Lanka,South Africa,Bloemfontein,276.0,333.5,199.7578947368421,266
South Africa,Sri Lanka,Kimberley,303.0,254.61401363007326,265.3263157894737,299
Sri Lanka,India,Perth,293.3,209.0,209.46842105263158,233
England,Pakistan,Abu Dhabi,297.0,266.2823127742502,246.60000000000002,260
England,Pakistan,Abu Dhabi,297.3,272.8127207316068,235.45263157894735,250
Pakistan,England,Dubai (DSC),281.90000000000003,307.0,208.71578947368423,222
Sri Lanka,India,Brisbane,269.4,177.5,212.2,289
Pakistan,England,Dubai (DSC),267.3,243.66666666666666,202.6315789473684,237
Sri Lanka,India,Hobart,304.6,101.00000000000004,234.37894736842105,320
New Zealand,South Africa,Napier,232.7,286.5,230.82631578947365,230
Sri Lanka,Australia,Melbourne,225.10000000000002,241.99999999999997,246.67894736842106,238
New Zealand,South Africa,Auckland,238.1,314.1,234.55789473684212,206
Australia,Sri Lanka,Brisbane,232.5,300.5,235.1315789473684,321
Australia,Sri Lanka,Adelaide,320.9,274.7,253.83684210526314,271
Australia,Sri Lanka,Adelaide,325.1,305.1,260.5473684210526,231
Pakistan,Bangladesh,Dhaka,194.69999999999996,274.79999999999995,205.9736842105263,262
India,Sri Lanka,Dhaka,133.4,327.70000000000005,291.7578947368421,304
Sri Lanka,Pakistan,Dhaka,201.09999999999997,148.5,255.14736842105265,188
India,Bangladesh,Dhaka,343.4,317.29999999999995,314.29473684210524,289
Australia,West Indies,Kingstown,308.5,208.87348616762455,260.7421052631579,204
Pakistan,India,Dhaka,270.5,267.9,213.6,329
Australia,West Indies,Kingstown,254.4,135.00000000000006,250.66315789473686,154
Sri Lanka,Bangladesh,Dhaka,275.40000000000003,156.7,244.62105263157895,232
Pakistan,Bangladesh,Dhaka,218.80000000000004,321.9,227.63684210526316,236
West Indies,Australia,Gros Islet,135.7,243.0,237.93684210526317,294
Australia,West Indies,Gros Islet,155.20000000000002,239.13283382874923,230.09473684210525,281
Sri Lanka,Pakistan,Pallekele,196.49999999999997,242.52400339574817,231.9421052631579,135
Sri Lanka,Pakistan,Pallekele,169.70000000000002,79.00000000000003,216.7736842105263,280
Sri Lanka,Pakistan,Colombo (RPS),213.29999999999998,179.5,231.4578947368421,243
England,West Indies,Southampton,273.09999999999997,248.89999999999998,233.3578947368421,288
Pakistan,Sri Lanka,Colombo (RPS),187.6,346.5,227.59473684210528,247
England,Australia,Lord's,326.5,246.0,242.10000000000002,272
Australia,England,The Oval,250.0,295.5,238.32631578947368,251
Australia,England,Chester-le-Street,256.3,86.00000000000006,243.5263157894737,200
West Indies,New Zealand,Kingston,227.4,225.6,240.66842105263157,315
Australia,England,Manchester,224.39999999999998,216.0,227.04210526315788,145
West Indies,New Zealand,Basseterre,326.4,278.1612105252244,253.3578947368421,264
West Indies,New Zealand,Basseterre,343.70000000000005,280.0,268.9578947368421,241
India,Sri Lanka,Hambantota,220.2,273.32375611516323,319.9631578947368,314
India,Sri Lanka,Hambantota,313.4,303.88772842249585,323.4684210526316,138
Sri Lanka,India,Colombo (RPS),300.09999999999997,172.2,239.54736842105265,286
Sri Lanka,India,Colombo (RPS),313.7,259.6,260.7789473684211,251
India,Sri Lanka,Pallekele,210.7,249.98019939070963,296.9473684210526,294
South Africa,England,Southampton,270.7,270.7377298563384,281.42105263157896,287
Pakistan,Australia,Sharjah,245.1,271.5,243.90526315789475,198
South Africa,England,The Oval,261.70000000000005,266.0,293.09473684210525,211
Australia,Pakistan,Abu Dhabi,209.79999999999998,302.0,208.90526315789475,248
South Africa,England,Lord's,200.7,258.99999999999994,263.4157894736842,220
Pakistan,Australia,Sharjah,219.9,195.8,242.05789473684212,244
England,South Africa,Nottingham,268.40000000000003,348.0,254.8736842105263,182
New Zealand,Sri Lanka,Pallekele,196.70000000000002,235.37977182542593,229.12631578947367,250
New Zealand,Sri Lanka,Pallekele,227.8,198.00000000000003,232.80526315789476,188
New Zealand,Sri Lanka,Hambantota,173.6,229.5589582753621,224.2421052631579,131
West Indies,Bangladesh,Khulna,128.0,246.46163215590744,274.6684210526316,199
Bangladesh,West Indies,Khulna,190.89999999999998,177.32700250193864,167.19999999999996,292
Bangladesh,West Indies,Dhaka,266.2,153.20000000000002,176.0,227
West Indies,Bangladesh,Dhaka,114.89999999999998,198.39999999999998,266.4789473684211,211
West Indies,Bangladesh,Dhaka,151.5,205.7,262.9526315789474,217
India,Pakistan,Chennai,270.2,266.6666666666667,284.57368421052627,227
Pakistan,India,Kolkata,301.2,265.17138216178137,244.78947368421052,250
India,Pakistan,Delhi,222.6,179.0,269.67894736842106,167
England,India,Rajkot,249.4,333.03821042779555,242.37894736842105,325
India,England,Kochi,329.4,253.00000000000003,248.85789473684213,285
England,India,Ranchi,297.9,276.79578791529383,257.85263157894735,155
England,India,Mohali,205.9,261.3686079120357,242.63684210526316,257
India,England,Dharamsala,299.50000000000006,296.47671665351226,243.40000000000003,226
West Indies,Australia,Perth,257.4,245.51948928851826,248.06315789473683,70
Australia,West Indies,Perth,180.6,267.2,191.32631578947368,266
Australia,West Indies,Canberra,234.1,188.58129385515497,198.9578947368421,329
West Indies,Australia,Sydney,159.50000000000003,177.0,214.73684210526315,220
England,New Zealand,Hamilton,213.3,237.44866649910404,240.7526315789474,258
New Zealand,England,Napier,234.8,234.7,217.7421052631579,269
New Zealand,England,Auckland,234.0,251.3,227.9157894736842,185
South Africa,Pakistan,Bloemfontein,314.4,185.50000000000003,251.7684210526316,315
South Africa,Pakistan,Centurion,328.1,246.9,265.82105263157894,191
South Africa,Pakistan,Johannesburg,255.10000000000002,277.0,246.03684210526316,343
South Africa,Pakistan,Durban,291.59999999999997,238.3,264.35263157894735,234
Pakistan,South Africa,Benoni,272.3,244.04542847737096,251.45263157894738,205
Sri Lanka,Bangladesh,Pallekele,194.99999999999997,291.0,259.7421052631579,302
England,New Zealand,Lord's,200.89999999999998,295.70000000000005,248.2315789473684,227
New Zealand,England,Southampton,223.89999999999998,232.44298397340677,217.17894736842106,359
England,New Zealand,Nottingham,192.5,241.4,254.09473684210528,287
Pakistan,West Indies,The Oval,183.00000000000003,297.0,242.17368421052632,170
England,Australia,Birmingham,304.9,384.6666666666666,254.87368421052633,269
Sri Lanka,New Zealand,Cardiff,306.80000000000007,254.65445404331072,269.6578947368421,138
South Africa,Pakistan,Birmingham,238.6,197.0,253.25263157894736,234
West Indies,India,The Oval,269.8,224.442213786925,213.67894736842106,233
England,Sri Lanka,The Oval,266.7,257.4,256.47368421052636,293
Pakistan,India,Birmingham,268.1,35.000000000000085,216.71578947368423,165
England,New Zealand,Cardiff,282.1,257.2833065753681,264.2631578947368,169
Sri Lanka,Australia,The Oval,216.4,435.99999999999994,246.98947368421054,253
South Africa,England,The Oval,185.39999999999998,221.5,247.38421052631577,175
Sri Lanka,India,Cardiff,285.7,226.7714375790527,257.45789473684215,181
Sri Lanka,West Indies,Kingston,197.9,229.8807822888669,236.2157894736842,208
India,West Indies,Kingston,370.79999999999995,171.3333333333334,234.8684210526316,229
Sri Lanka,India,Kingston,179.9,127.00000000000004,219.4842105263158,348
India,West Indies,Port of Spain,268.0,229.39999999999998,228.7315789473684,311
Sri Lanka,West Indies,Port of Spain,182.6,70.5,241.57894736842107,219
India,Sri Lanka,Port of Spain,295.4,312.5,238.44210526315788,119
Sri Lanka,India,Port of Spain,262.5,125.60000000000004,234.12105263157892,201
Pakistan,West Indies,Providence,135.0,230.32455665544873,209.1,224
West Indies,Pakistan,Providence,226.60000000000002,225.04577424157563,209.54736842105262,232
Sri Lanka,South Africa,Colombo (RPS),270.9,256.4,225.1315789473684,320
West Indies,Pakistan,Gros Islet,248.20000000000002,311.0,209.2157894736842,261
Sri Lanka,South Africa,Colombo (RPS),320.70000000000005,361.6,243.96842105263158,223
West Indies,Pakistan,Gros Islet,248.60000000000002,303.3,217.41052631578947,242
South Africa,Sri Lanka,Pallekele,332.20000000000005,262.55268216452083,235.32631578947368,223
South Africa,Sri Lanka,Pallekele,276.5,256.8645696122119,231.8684210526316,238
Sri Lanka,South Africa,Colombo (RPS),240.4,262.79999999999995,238.7315789473684,307
Australia,England,Manchester,138.70000000000002,125.33333333333336,222.31578947368422,315
Australia,England,Cardiff,227.79999999999998,259.66666666666663,243.0157894736842,227
Australia,India,Pune,273.79999999999995,265.18287873923424,258.30526315789473,304
Australia,India,Jaipur,313.5,241.26550947143505,280.3105263157895,359
India,Australia,Mohali,233.39999999999998,322.5,201.39473684210526,303
Bangladesh,New Zealand,Dhaka,208.00000000000003,225.0,193.26842105263157,265
Australia,India,Nagpur,353.2,311.33008385592586,307.7947368421053,350
South Africa,Pakistan,Sharjah,227.7,245.39391140318176,224.46315789473684,183
Bangladesh,New Zealand,Dhaka,228.0,230.10000000000002,211.44736842105263,247
Pakistan,South Africa,Dubai (DSC),223.8,244.5,212.4105263157895,209
India,Australia,Bengaluru,313.2,17.000000000000085,207.66315789473683,383
New Zealand,Bangladesh,Fatullah,254.6,182.6613219862638,252.3947368421053,307
South Africa,Pakistan,Abu Dhabi,199.50000000000003,264.1277924703341,210.9842105263158,259
South Africa,Pakistan,Abu Dhabi,184.89999999999998,232.00000000000003,212.26315789473685,266
South Africa,Pakistan,Sharjah,261.9,240.10758769270643,218.73684210526318,268
Sri Lanka,New Zealand,Hambantota,152.4,364.0,256.93684210526317,138
Sri Lanka,New Zealand,Dambulla,95.2,269.6,244.64736842105265,211
West Indies,India,Kochi,249.5,274.68934007735055,219.73684210526315,211
India,West Indies,Visakhapatnam,274.5,326.1701659226724,236.94736842105263,288
Pakistan,South Africa,Cape Town,181.3,100.0,214.4578947368421,218
West Indies,India,Kanpur,226.0,232.57317965418056,218.3736842105263,263
Pakistan,South Africa,Port Elizabeth,207.6,224.52371764141898,216.02105263157895,262
Pakistan,South Africa,Centurion,258.7,283.5,214.23684210526315,179
South Africa,India,Johannesburg,201.60000000000002,375.20000000000005,228.09473684210528,358
South Africa,India,Durban,326.79999999999995,232.8,246.62631578947367,280
Pakistan,Sri Lanka,Sharjah,209.7,189.5,207.57368421052632,322
Pakistan,Sri Lanka,Dubai (DSC),284.6,221.6,224.1421052631579,284
Pakistan,Sri Lanka,Sharjah,314.79999999999995,281.2,238.36315789473684,326
Sri Lanka,Pakistan,Abu Dhabi,255.4,232.66666666666666,240.33684210526314,225
New Zealand,West Indies,Auckland,171.7,195.8,251.96842105263158,156
Pakistan,Sri Lanka,Abu Dhabi,362.5,225.2,250.79473684210527,232
New Zealand,West Indies,Queenstown,178.89999999999998,172.40373444380361,236.53157894736842,283
New Zealand,West Indies,Nelson,274.4,257.55185260041407,253.8421052631579,285
England,Australia,Melbourne,302.29999999999995,353.99999999999994,244.8421052631579,269
England,Australia,Brisbane,251.2,258.5,246.36842105263156,300
New Zealand,India,Napier,143.70000000000002,215.0,259.83684210526314,292
England,Australia,Sydney,267.9,346.6,255.43157894736842,243
New Zealand,India,Hamilton,222.5,295.33333333333326,277.1,271
England,Australia,Perth,262.5,289.0,254.78947368421055,316
Australia,England,Adelaide,320.4,164.39999999999998,327.45789473684215,217
India,New Zealand,Hamilton,213.70000000000002,274.30004530906723,245.52105263157895,278
New Zealand,India,Wellington,262.3,264.90000000000003,280.94210526315794,303
Sri Lanka,Bangladesh,Dhaka,251.40000000000003,217.50000000000003,222.1,289
Bangladesh,Sri Lanka,Dhaka,313.7,278.4,221.07368421052632,240
Sri Lanka,Pakistan,Fatullah,268.79999999999995,227.49795448402617,222.1263157894737,296
Bangladesh,India,Fatullah,199.20000000000002,220.95140651838088,229.10000000000002,279
India,Sri Lanka,Fatullah,116.80000000000005,277.7296973458731,248.92631578947368,264
West Indies,England,North Sound,176.20000000000002,289.0,242.10526315789474,269
India,Pakistan,Dhaka,136.3,321.1,266.4421052631579,245
West Indies,England,North Sound,236.7,305.0,244.32631578947368,159
Bangladesh,Pakistan,Dhaka,83.4,309.4000000000001,237.6263157894737,326
England,West Indies,North Sound,353.5,244.77850675599345,265.55263157894734,303
Bangladesh,Sri Lanka,Dhaka,284.5,312.9,260.7526315789474,204
Pakistan,Sri Lanka,Dhaka,274.4,253.49999999999997,247.28421052631577,260
England,Sri Lanka,The Oval,303.1,257.2,279.5315789473685,247
Sri Lanka,England,Chester-le-Street,230.6,215.72911212914482,237.91052631578947,256
Sri Lanka,England,Manchester,248.0,406.99999999999994,241.1578947368421,67
Sri Lanka,England,Lord's,100.70000000000002,310.0,211.37894736842105,300
England,Sri Lanka,Birmingham,281.5,302.0,273.20000000000005,219
South Africa,Sri Lanka,Colombo (RPS),213.99999999999997,285.0,256.5578947368421,304
Sri Lanka,South Africa,Pallekele,300.1,346.5,227.60526315789474,267
South Africa,Sri Lanka,Hambantota,256.0,224.42490521874623,271.38947368421054,339
Bangladesh,West Indies,St George's,267.4,229.3820724974445,270.19473684210527,217
West Indies,Bangladesh,St George's,193.59999999999997,198.66666666666669,230.3473684210526,247
Sri Lanka,Pakistan,Hambantota,315.9,140.66666666666666,242.36315789473684,275
West Indies,Bangladesh,Basseterre,304.00000000000006,244.0,234.66315789473683,338
Sri Lanka,Pakistan,Hambantota,276.7,240.0,240.28421052631577,310
Australia,South Africa,Harare,206.70000000000002,280.31506493989605,315.5157894736842,327
India,England,Cardiff,126.1,358.0,240.39999999999998,304
Pakistan,Sri Lanka,Dambulla,232.0,403.09999999999997,250.95263157894738,102
England,India,Nottingham,206.89999999999998,282.5,265.4736842105263,227
Australia,South Africa,Harare,286.2,300.58254502952497,319.5789473684211,282
England,India,Birmingham,220.60000000000002,233.9,258.83684210526314,206
England,India,Leeds,184.2,369.66666666666663,252.76315789473685,294
Australia,South Africa,Harare,343.0,237.00000000000006,326.6157894736843,217
Australia,Pakistan,Sharjah,206.4,281.3333333333333,317.16315789473686,255
West Indies,India,Kochi,228.89999999999998,275.42710912800095,261.32105263157894,321
Pakistan,Australia,Dubai (DSC),227.20000000000002,254.1,225.55263157894734,215
Australia,Pakistan,Abu Dhabi,221.1,282.0,309.9421052631579,231
New Zealand,South Africa,Mount Maunganui,264.5,267.90692299998426,289.9315789473684,230
South Africa,New Zealand,Mount Maunganui,215.0,246.1051789810392,294.64736842105265,282
India,Sri Lanka,Cuttack,190.1,132.00000000000006,272.64210526315793,363
Sri Lanka,India,Ahmedabad,231.5,281.4437064892843,256.3578947368421,274
Sri Lanka,India,Hyderabad (Deccan),270.79999999999995,311.64871743060996,255.99473684210525,242
India,Sri Lanka,Kolkata,361.6,224.5,299.0578947368421,404
Australia,South Africa,Perth,240.5,284.0,290.6842105263158,300
Australia,South Africa,Perth,299.0,280.5,295.7947368421053,154
Sri Lanka,India,Ranchi,263.59999999999997,159.60475580929645,250.88947368421054,286
Australia,South Africa,Canberra,157.6,283.3354316955893,277.4842105263158,329
South Africa,Australia,Melbourne,248.39999999999998,312.0,303.18421052631584,267
South Africa,Australia,Sydney,237.9,84.00000000000003,300.00000000000006,280
Sri Lanka,England,Colombo (RPS),183.69999999999996,281.59999999999997,270.2578947368421,317
England,Sri Lanka,Colombo (RPS),232.1,189.00000000000006,263.73157894736846,185
Sri Lanka,England,Hambantota,321.80000000000007,301.3,281.86842105263156,242
England,Sri Lanka,Colombo (RPS),170.4,143.66666666666669,242.13157894736844,265
New Zealand,Pakistan,Dubai (DSC),307.20000000000005,235.0638930952121,287.13157894736844,246
Sri Lanka,England,Pallekele,303.0,330.70000000000005,274.84736842105264,239
Pakistan,New Zealand,Sharjah,263.8,370.8,233.03684210526316,252
Sri Lanka,England,Pallekele,318.80000000000007,303.1,280.3578947368421,292
Pakistan,New Zealand,Sharjah,267.0,325.4,238.95263157894738,364
Sri Lanka,England,Colombo (RPS),249.79999999999998,319.3,286.5157894736842,302
New Zealand,Pakistan,Abu Dhabi,299.4,119.00000000000006,285.2315789473684,299
New Zealand,Pakistan,Abu Dhabi,286.70000000000005,267.0,290.9,275
Sri Lanka,New Zealand,Christchurch,152.5,-30.99999999999993,303.3105263157895,218
New Zealand,Sri Lanka,Hamilton,150.3,302.5,288.4473684210526,248
England,Australia,Sydney,299.8,262.3,253.04210526315788,234
South Africa,West Indies,Durban,217.29999999999998,257.3,299.5736842105263,279
India,Australia,Melbourne,353.3,263.8766469207152,324.82631578947365,267
South Africa,West Indies,Johannesburg,265.2,380.4,296.61052631578946,439
Sri Lanka,New Zealand,Nelson,187.69999999999996,301.18505470053776,283.8157894736842,276
India,England,Brisbane,215.99999999999997,315.0,313.4526315789473,153
West Indies,South Africa,East London,229.5,257.3762214933436,277.4,122
New Zealand,Sri Lanka,Dunedin,189.7,259.7442030755885,286.0842105263158,360
England,Australia,Hobart,256.20000000000005,256.0269592198595,239.0157894736842,303
New Zealand,Sri Lanka,Dunedin,319.4,283.14053495784077,306.2526315789474,315
South Africa,West Indies,Port Elizabeth,393.5,283.4,336.9157894736842,262
South Africa,West Indies,Centurion,342.5,169.8,325.5052631578947,361
Sri Lanka,New Zealand,Wellington,303.0,240.57858667246575,283.11052631578946,287
India,England,Perth,163.6,180.00000000000003,291.36315789473684,200
Pakistan,New Zealand,Wellington,391.90000000000003,5.000000000000085,268.2894736842105,210
Australia,England,Perth,278.5,191.70000000000002,280.9263157894737,278
New Zealand,Pakistan,Napier,264.1,253.49999999999997,308.5052631578947,369
New Zealand,Sri Lanka,Christchurch,393.29999999999995,167.39999999999998,312.9526315789474,331
Australia,England,Melbourne,241.79999999999998,261.4,260.5421052631579,342
India,Pakistan,Adelaide,175.7,262.85919844763225,273.9263157894737,300
England,New Zealand,Wellington,239.90000000000003,240.60556869247512,249.35263157894735,123
West Indies,Pakistan,Christchurch,265.4,246.3943510109751,261.2842105263158,310
India,South Africa,Melbourne,291.5,312.0,289.05789473684206,307
Sri Lanka,Bangladesh,Melbourne,233.6,255.5,285.20000000000005,332
South Africa,West Indies,Sydney,390.1,233.0,350.37368421052633,408
Australia,New Zealand,Auckland,321.20000000000005,334.0,269.7684210526316,151
England,Sri Lanka,Wellington,206.39999999999998,116.0,223.07894736842104,309
West Indies,India,Perth,303.20000000000005,243.19750874256798,279.91052631578947,182
Pakistan,South Africa,Auckland,214.89999999999998,205.98488707663282,259.30526315789473,222
Australia,Sri Lanka,Sydney,145.7,196.3,241.49473684210525,376
Bangladesh,England,Adelaide,285.8,228.7286039082814,261.79999999999995,275
Bangladesh,New Zealand,Hamilton,249.6,237.95146048109967,273.8263157894737,288
Sri Lanka,South Africa,Sydney,273.29999999999995,275.0,290.09999999999997,133
India,Bangladesh,Melbourne,197.7,350.33333333333326,282.6894736842105,302
Pakistan,Australia,Adelaide,202.79999999999998,235.463975890369,257.8578947368421,213
New Zealand,West Indies,Wellington,299.8,298.7,323.17894736842106,393
South Africa,New Zealand,Auckland,271.7,368.0,371.73684210526324,281
Australia,India,Sydney,379.9,311.29999999999995,267.3315789473684,328
New Zealand,Australia,Melbourne,228.4,299.7,342.7842105263158,183
Bangladesh,Pakistan,Dhaka,218.3,262.0,286.43684210526317,329
New Zealand,England,The Oval,334.1,282.698736140555,319.3315789473684,398
Bangladesh,India,Dhaka,247.39999999999998,311.4,305.5,307
India,Bangladesh,Dhaka,201.3,85.89999999999998,284.08947368421053,200
India,Bangladesh,Dhaka,155.1,111.0,273.4315789473684,317
Sri Lanka,Pakistan,Dambulla,325.0,224.3,265.42105263157896,255
South Africa,Bangladesh,Dhaka,319.09999999999997,294.5,364.9526315789474,162
South Africa,Bangladesh,Chattogram,210.5,246.46251468246066,326.79473684210524,168
Sri Lanka,Pakistan,Colombo (RPS),294.4,311.2,268.41578947368424,256
Sri Lanka,Pakistan,Hambantota,248.4,275.4,267.6263157894737,368
South Africa,New Zealand,Centurion,309.29999999999995,252.49999999999997,295.6,304
Australia,England,Southampton,335.4,329.0,276.4578947368421,305
Australia,England,Lord's,329.7,267.0,284.87894736842105,309
England,Australia,Manchester,278.3,295.66666666666663,277.19473684210527,300
Australia,England,Leeds,353.5,268.0,284.0684210526316,299
South Africa,India,Kanpur,338.5,296.51502901414403,260.87894736842105,303
India,South Africa,Indore,290.9,455.3333333333333,265.69473684210527,247
South Africa,India,Rajkot,323.0,383.43326671333233,260.77894736842103,270
India,South Africa,Chennai,311.70000000000005,226.5,262.13684210526316,299
South Africa,India,Mumbai,287.7,274.9721938496593,253.7263157894737,438
West Indies,Sri Lanka,Colombo (RPS),122.39999999999998,202.0,269.5473684210526,159
England,Pakistan,Abu Dhabi,245.4,240.0,253.49473684210528,216
England,Pakistan,Abu Dhabi,214.6,198.00000000000003,245.87894736842105,283
Pakistan,England,Sharjah,211.9,352.6,263.77894736842103,208
England,Pakistan,Dubai (DSC),256.0,243.98468070438213,256.08947368421053,355
Sri Lanka,New Zealand,Christchurch,334.9,158.00000000000003,267.35263157894735,188
Sri Lanka,New Zealand,Christchurch,242.9,169.50000000000003,253.30526315789473,117
New Zealand,Sri Lanka,Nelson,417.09999999999997,340.0171016557425,347.7736842105263,276
New Zealand,Sri Lanka,Mount Maunganui,314.09999999999997,316.63729237747947,328.3684210526316,294
India,Australia,Perth,307.09999999999997,183.66666666666669,279.12631578947367,309
India,Australia,Melbourne,294.8,344.5,296.0684210526316,295
New Zealand,Pakistan,Wellington,347.1,377.20000000000005,325.37368421052633,280
Pakistan,New Zealand,Auckland,256.4,215.0,251.23157894736843,290
New Zealand,Australia,Auckland,175.8,132.2,319.63684210526316,307
England,South Africa,Bloemfontein,156.10000000000002,255.3968205900656,274.36842105263156,399
New Zealand,Australia,Wellington,259.0,359.4,320.1894736842105,281
South Africa,England,Port Elizabeth,215.90000000000003,275.4,290.66315789473686,262
New Zealand,Australia,Hamilton,297.9,283.1,312.87368421052633,246
England,South Africa,Centurion,293.7,290.33333333333326,308.13157894736844,318
England,South Africa,Johannesburg,343.99999999999994,279.69134404479735,322.87894736842105,262
England,South Africa,Cape Town,361.79999999999995,263.4380792450778,319.70526315789476,236
South Africa,West Indies,Providence,403.80000000000007,287.35594763251925,282.10526315789474,188
West Indies,Australia,Providence,163.60000000000002,200.00000000000003,237.95263157894738,116
South Africa,Australia,Providence,244.79999999999998,261.686752851711,261.8105263157895,189
Australia,South Africa,Basseterre,265.7,297.33333333333337,319.4473684210526,288
Australia,West Indies,Basseterre,347.20000000000005,270.0,327.13157894736844,265
South Africa,West Indies,Basseterre,224.79999999999998,331.1121381612601,247.6,343
West Indies,Australia,Bridgetown,119.40000000000002,188.89999999999998,196.27894736842106,282
Sri Lanka,England,Birmingham,284.4,255.14250839765924,223.00526315789472,254
West Indies,South Africa,Bridgetown,110.69999999999996,236.9,204.44736842105263,285
England,Sri Lanka,Cardiff,296.0,260.38532350546103,307.85263157894735,324
Sri Lanka,Australia,Colombo (RPS),236.0,299.3,238.37894736842105,227
Sri Lanka,Australia,Colombo (RPS),228.1,215.5,233.66842105263157,288
Sri Lanka,Australia,Dambulla,317.9,227.5,238.19473684210527,226
England,Pakistan,Nottingham,339.70000000000005,175.2,314.2578947368421,444
Sri Lanka,Australia,Dambulla,249.7,252.6,234.68947368421053,212
Pakistan,England,Leeds,259.9,313.0,250.5,247
Sri Lanka,Australia,Pallekele,216.29999999999998,264.3,232.92105263157893,195
England,Pakistan,Cardiff,467.70000000000005,478.9999999999999,340.7,302
Pakistan,West Indies,Sharjah,158.0,237.4,256.61052631578946,284
Australia,South Africa,Centurion,308.90000000000003,135.4,317.4368421052631,294
South Africa,Australia,Johannesburg,201.2,497.6000000000001,259.9578947368421,361
Pakistan,West Indies,Sharjah,260.09999999999997,248.39999999999998,266.90526315789475,337
Pakistan,West Indies,Abu Dhabi,383.8,215.6,292.66315789473686,308
Australia,South Africa,Durban,309.6,320.66666666666663,319.5684210526316,371
Australia,South Africa,Port Elizabeth,406.9,270.66666666666663,329.38421052631577,167
South Africa,Australia,Cape Town,323.8,275.70000000000005,273.2157894736842,327
New Zealand,India,Dharamsala,300.0,340.7885763260866,302.10526315789474,190
New Zealand,India,Delhi,287.3,280.21307140578284,272.58421052631576,242
New Zealand,India,Mohali,205.29999999999998,263.0,255.94736842105263,285
India,New Zealand,Visakhapatnam,233.29999999999998,220.00000000000006,299.0,269
Australia,New Zealand,Sydney,192.20000000000002,414.8,300.36842105263156,324
Australia,New Zealand,Canberra,241.4,354.3333333333333,301.36315789473684,378
Bangladesh,New Zealand,Nelson,293.1,280.0213381623022,278.73157894736846,236
Australia,Pakistan,Brisbane,233.5,122.80000000000004,297.0578947368421,268
Australia,Pakistan,Melbourne,285.70000000000005,320.1,293.7631578947369,220
England,India,Pune,295.9,324.9268176280399,338.3,350
Australia,Pakistan,Sydney,231.5,351.40000000000003,275.9263157894737,353
England,India,Kolkata,342.70000000000005,343.2918747238667,346.93157894736845,321
Australia,Pakistan,Adelaide,320.9,170.1,293.0157894736842,369
Sri Lanka,South Africa,Port Elizabeth,151.00000000000003,249.9106472013899,235.92631578947368,181
New Zealand,Australia,Auckland,298.0,215.6,246.04736842105262,286
South Africa,Sri Lanka,Durban,323.69999999999993,309.70000000000005,279.6947368421052,307
Sri Lanka,South Africa,Johannesburg,144.79999999999998,182.66666666666669,226.0263157894737,163
New Zealand,Australia,Hamilton,304.1,242.5,246.9736842105263,281
South Africa,Sri Lanka,Cape Town,362.9,311.5,281.3157894736842,367
South Africa,Sri Lanka,Centurion,389.3,336.9,313.0210526315789,384
New Zealand,South Africa,Hamilton,257.2,272.3,253.61052631578949,207
New Zealand,South Africa,Christchurch,222.3,327.5,242.43684210526317,289
South Africa,New Zealand,Wellington,248.3,285.3307221545064,328.7684210526316,271
South Africa,New Zealand,Hamilton,256.29999999999995,300.5130649725691,331.4526315789474,279
England,West Indies,North Sound,333.40000000000003,359.0,344.8315789473684,296
New Zealand,South Africa,Auckland,243.1,312.6,256.8,149
England,West Indies,Bridgetown,290.4,47.500000000000064,344.34736842105264,328
Bangladesh,Sri Lanka,Dambulla,206.10000000000002,217.40163623932412,272.25263157894733,324
Sri Lanka,Bangladesh,Colombo (SSC),323.1,268.20000000000005,215.43684210526317,280
West Indies,Pakistan,Providence,329.6,56.00000000000003,210.29473684210524,233
Bangladesh,New Zealand,Dublin,286.1,196.15774756798928,268.1842105263158,257
New Zealand,Bangladesh,Dublin,280.99999999999994,247.04301573921165,220.48947368421054,270
England,South Africa,Leeds,270.70000000000005,353.5,329.5315789473684,339
England,South Africa,Southampton,250.2,298.79999999999995,335.21578947368425,330
England,South Africa,Lord's,327.29999999999995,254.79999999999998,350.08947368421053,153
Bangladesh,England,The Oval,272.0,263.7538400563476,270.3105263157895,305
South Africa,Sri Lanka,The Oval,396.6,178.29999999999998,342.6,299
India,Pakistan,Birmingham,269.2,84.00000000000003,294.89473684210526,319
England,New Zealand,Cardiff,338.5,397.99999999999994,318.5210526315789,310
South Africa,Pakistan,Birmingham,287.3,211.0,345.07894736842104,219
India,Sri Lanka,The Oval,428.0,297.7628964846287,302.0315789473684,321
New Zealand,Bangladesh,Cardiff,309.79999999999995,275.5748147674225,233.81052631578947,265
Australia,England,Birmingham,309.3,302.0285797800431,291.0157894736842,277
South Africa,India,The Oval,374.8,238.7,317.4947368421053,191
Sri Lanka,Pakistan,Cardiff,332.4,223.99999999999997,220.7157894736842,236
England,Pakistan,Cardiff,419.9,376.5,320.4736842105263,211
Bangladesh,India,Birmingham,321.9,263.1533584461931,275.06315789473683,264
Pakistan,India,The Oval,175.29999999999998,183.66666666666666,293.3368421052632,338
India,West Indies,Port of Spain,330.4,163.20000000000002,304.5842105263158,310
India,West Indies,North Sound,312.4,285.42659705592735,311.77894736842103,251
West Indies,India,North Sound,244.4,198.4,210.0578947368421,189
West Indies,India,Kingston,195.7,326.20000000000005,197.5736842105263,205
Sri Lanka,India,Dambulla,245.29999999999998,192.89999999999998,222.93157894736842,216
Sri Lanka,India,Pallekele,256.4,202.29999999999998,223.05263157894737,236
Sri Lanka,India,Pallekele,220.20000000000002,214.0,233.50526315789475,217
India,Sri Lanka,Colombo (RPS),457.40000000000003,364.99999999999994,311.3105263157895,375
Sri Lanka,India,Colombo (RPS),209.4,238.1,218.63157894736844,238
India,Australia,Chennai,271.9,272.1,342.1578947368421,281
West Indies,England,Manchester,225.5,199.9377623508121,194.65789473684214,204
Australia,India,Indore,325.0,380.7297840165463,293.2263157894737,293
England,West Indies,Bristol,345.00000000000006,206.00000000000006,283.7105263157895,369
West Indies,England,The Oval,185.39999999999998,228.0,204.03684210526316,356
Australia,India,Bengaluru,296.2,335.1212210738071,294.64210526315793,334
Australia,India,Nagpur,313.7,383.0,302.14736842105265,242
Pakistan,Sri Lanka,Dubai (DSC),297.9,243.3,304.9947368421053,292
Bangladesh,South Africa,Kimberley,115.89999999999999,244.99999999999997,274.08947368421053,278
Pakistan,Sri Lanka,Abu Dhabi,334.79999999999995,295.5,319.06315789473683,219
South Africa,Bangladesh,Paarl,123.20000000000002,115.00000000000004,284.1052631578947,353
Sri Lanka,Pakistan,Abu Dhabi,274.5,216.5,220.7578947368421,208
Sri Lanka,Pakistan,Sharjah,230.4,254.3,217.26842105263157,173
India,New Zealand,Mumbai,327.5,297.55156384028714,316.2210526315789,280
Sri Lanka,Pakistan,Sharjah,150.40000000000003,177.79999999999998,220.50526315789472,103
New Zealand,India,Pune,258.7,307.1310438090077,242.47894736842102,230
India,New Zealand,Kanpur,297.3,339.0,303.12105263157895,337
India,Sri Lanka,Dharamsala,399.40000000000003,433.9999999999999,311.7368421052631,112
India,Sri Lanka,Mohali,155.7,333.3,275.57894736842104,392
Sri Lanka,India,Visakhapatnam,210.1,265.0,191.97894736842105,215
West Indies,New Zealand,Whangarei,315.0,250.15096977031874,239.13684210526316,248
New Zealand,West Indies,Christchurch,398.29999999999995,342.3,237.83157894736843,325
New Zealand,Pakistan,Wellington,335.20000000000005,311.90000000000003,229.1,315
Pakistan,New Zealand,Nelson,277.4,292.8852936235817,301.83684210526314,246
New Zealand,Pakistan,Dunedin,318.7,270.00000000000006,243.7421052631579,257
Australia,England,Melbourne,265.59999999999997,227.0,291.2578947368421,304
Pakistan,New Zealand,Hamilton,246.6,281.61682199833393,291.2578947368421,262
New Zealand,Pakistan,Wellington,272.2,288.0,249.3578947368421,271
Australia,England,Brisbane,288.6,187.20000000000002,292.6684210526316,270
Bangladesh,Sri Lanka,Dhaka,283.7,190.1,276.5315789473684,320
England,Australia,Sydney,171.20000000000002,255.5,286.4263157894737,302
England,Australia,Adelaide,246.70000000000002,175.89999999999998,281.08421052631576,196
Sri Lanka,Bangladesh,Dhaka,308.99999999999994,263.6,178.9736842105263,221
England,Australia,Perth,184.2,356.0,262.5789473684211,259
South Africa,India,Durban,283.50000000000006,321.3,303.7421052631579,269
South Africa,India,Centurion,250.10000000000002,412.3,295.5263157894737,118
India,South Africa,Cape Town,272.59999999999997,295.48307734491436,297.9210526315789,303
India,South Africa,Johannesburg,278.2,164.66666666666669,289.23157894736846,289
India,South Africa,Port Elizabeth,295.0,288.97122981257945,289.6631578947368,274
England,New Zealand,Hamilton,400.70000000000005,357.99999999999994,264.27894736842103,284
New Zealand,England,Mount Maunganui,370.6,358.0,255.55263157894737,223
England,New Zealand,Wellington,352.6000000000001,366.33333333333326,263.8105263157895,234
England,New Zealand,Dunedin,197.79999999999998,320.9614089890748,247.39473684210526,335
New Zealand,England,Christchurch,206.29999999999998,158.6,248.25263157894736,223
Australia,England,The Oval,269.9,270.0,292.87368421052633,214
England,Australia,Cardiff,231.8,284.20000000000005,248.61052631578946,342
England,Australia,Nottingham,356.9,388.3,259.85263157894735,481
Australia,England,Chester-le-Street,219.70000000000002,148.00000000000003,281.02631578947364,310
England,India,Nottingham,379.20000000000005,550.7,312.5052631578947,268
England,India,Lord's,333.1,177.7,305.5315789473684,322
India,England,Leeds,353.40000000000003,310.9759763836131,279.43157894736845,256
Bangladesh,West Indies,Providence,300.30000000000007,244.9083024826141,244.07368421052632,279
West Indies,Bangladesh,Providence,336.6,159.00000000000003,242.9842105263158,271
Bangladesh,West Indies,Basseterre,259.90000000000003,310.0009928401423,249.47368421052633,301
Sri Lanka,South Africa,Dambulla,98.00000000000003,214.10000000000002,181.4842105263158,193
Sri Lanka,South Africa,Dambulla,152.0,180.2,184.82105263157894,244
South Africa,Sri Lanka,Pallekele,338.3,253.0,240.06842105263155,363
Sri Lanka,South Africa,Pallekele,252.99999999999997,205.8,191.09473684210525,306
Sri Lanka,South Africa,Colombo (RPS),316.70000000000005,233.39999999999998,216.56315789473683,299
Bangladesh,Sri Lanka,Dubai (DSC),174.00000000000003,257.58201748285813,264.71578947368425,261
Pakistan,India,Dubai (DSC),263.2,282.20000000000005,282.4578947368421,162
Bangladesh,India,Dubai (DSC),324.40000000000003,256.7569649901381,258.2263157894737,173
Pakistan,India,Dubai (DSC),175.0,206.6,255.89473684210526,237
Bangladesh,Pakistan,Abu Dhabi,348.9,265.04896000986224,241.11052631578949,239
Bangladesh,India,Dubai (DSC),193.0,85.00000000000004,232.38947368421051,222
England,Sri Lanka,Dambulla,360.6,246.0,310.7052631578947,278
Sri Lanka,England,Pallekele,306.6,264.2,233.16842105263157,150
Sri Lanka,England,Pallekele,176.3,214.8,217.2,273
Sri Lanka,England,Colombo (RPS),208.20000000000002,290.70000000000005,224.8421052631579,366
West Indies,India,Thiruvananthapuram,336.7,254.66707738867274,287.61052631578946,104
Australia,South Africa,Perth,217.49999999999997,240.39999999999998,265.6578947368421,152
New Zealand,Pakistan,Abu Dhabi,232.7,273.0,234.83157894736843,266
New Zealand,Pakistan,Abu Dhabi,256.2,267.8,235.51052631578946,209
South Africa,Australia,Hobart,345.1,340.0,272.78421052631575,320
Bangladesh,West Indies,Dhaka,284.2,134.39999999999995,226.63684210526316,255
