batsman,country,total_runs,run_rate,average_score,team_score,opponent_mean,player_of_the_match,winning_contribution,run_rate_effectiveness,consistency,batsman_score
KC Sangakkara,Sri Lanka,1158,0.8654708520179372,48.25,1.0,0.4939867119022426,5,0.18380931930427313,1.057841388649082,0.023216132540188856,1.0
AB de Villiers,South Africa,846,1.1340482573726542,56.4,0.9477652802176536,0.6895290340985024,3,0.19891745602165087,1.3657080709916236,0.025299030863288177,0.9670150478855047
V Kohli,India,970,0.9788092835519677,57.05882352941177,0.9272668974500966,0.6672275572044281,2,0.23655547991831177,1.0213511278876466,0.02039835799826905,0.922173706497431
HM Amla,South Africa,862,0.7930082796688133,53.875,0.9477652802176536,0.6512793960738734,3,0.2083897158322057,0.8655987821380244,0.023325406202000923,0.8981906340570902
TM Dilshan,Sri Lanka,878,0.8290840415486308,41.80952380952381,1.0,0.5379515194146314,4,0.12797938587073224,0.9649782571001735,0.03290894982959312,0.873023125905943
AD Mathews,Sri Lanka,1100,0.8620689655172413,40.74074074074074,1.0,0.5232988201364301,2,0.13721279793858707,1.0332178643172645,0.030916673561506475,0.8391839569868873
JE Root,England,758,0.7380720545277507,42.111111111111114,0.2684443017302961,0.9127717600641506,3,0.2614920874152223,1.0406856812282586,0.026380467064269296,0.8059302016865816
F du Plessis,South Africa,788,0.8755555555555555,56.285714285714285,0.9477652802176536,0.5355717973490296,1,0.19824086603518268,0.9574918573181861,0.02436691892002941,0.8001550346547893
KS Williamson,New Zealand,581,0.8645833333333334,64.55555555555556,0.5600386206448764,0.6196304913777658,2,0.2648283038501561,0.8821522121353476,0.027231405147900914,0.7887254837764188
SPD Smith,Australia,474,0.8681318681318682,43.09090909090909,0.8557505418677818,0.6630297431027458,3,0.13065976714100905,0.980223907074743,0.02598243331014877,0.7714640303844963
AM Rahane,India,621,0.8075422626788037,34.5,0.9272668974500966,0.6462223379959298,2,0.18379850238257317,0.874927255821145,0.02855121337992427,0.7596006236614911
CJ Anderson,New Zealand,281,1.7134146341463414,35.125,0.5600386206448764,0.6838475081761252,2,0.12070759625390219,1.9597233274162942,0.022565607411994114,0.7595695465880565
RG Sharma,India,467,1.0130151843817787,51.888888888888886,0.9272668974500966,0.6384255350594192,1,0.10619469026548672,1.3298571585943526,0.011965017568082012,0.7484723316858227
S Dhawan,India,764,0.8652321630804077,50.93333333333333,0.9272668974500966,0.6047975642187906,0,0.17699115044247787,0.9891838741396263,0.026947750459754678,0.746375364277392
DPMD Jayawardene,Sri Lanka,722,0.7830802603036876,30.083333333333332,1.0,0.5415649349937365,2,0.1067210650633455,0.9317442832155861,0.03177941138613411,0.7274344352673776
LRPL Taylor,New Zealand,539,0.8369565217391305,53.9,0.5600386206448764,0.6270287543466918,2,0.20499479708636836,0.8498925922121539,0.022682470148438983,0.7265616760741701
MR Marsh,Australia,321,0.9145299145299145,40.125,0.8557505418677818,0.7302076665893498,2,0.06694695989650712,1.4516060328779226,0.028716000400584103,0.7233458893901565
CS MacLeod,Scotland,337,0.9825072886297376,67.4,0.5370107405329649,0.27565942428480966,1,0.3751522533495737,1.068761724976599,0.01339383149839032,0.717894674808101
Q de Kock,South Africa,554,0.9037520391517129,32.588235294117645,0.9477652802176536,0.6175297154639067,1,0.16339648173207036,1.081606591226434,0.0275959754042278,0.7170303961985096
IA Karim,Kenya,131,1.048,65.5,0.3853890879008704,0.4702815268100931,1,0.4251968503937008,1.090504863362668,0.01663780661615406,0.7165104385231357
D Ramdin,West Indies,499,1.0439330543933054,49.9,0.6936131210670249,0.5278681922019993,1,0.189989235737352,1.163104833416472,0.01711106707305524,0.7103654147228843
AJ Finch,Australia,714,0.7977653631284917,42.0,0.8557505418677818,0.5524943815866753,1,0.13939197930142302,0.9045216759048544,0.02340422220998521,0.7034587014730603
NLTC Perera,Sri Lanka,372,1.1772151898734178,23.25,1.0,0.5522500692326727,2,0.05797723856560017,1.4863255704999316,0.042120044714663206,0.7034005079828188
AT Rayudu,India,566,0.7938288920056101,37.733333333333334,0.9272668974500966,0.7009590366733404,1,0.1249149081007488,0.8607150517078993,0.03338247175884024,0.7011023252277094
JC Buttler,England,612,1.0736842105263158,30.6,0.2684443017302961,0.9070696382445135,1,0.16654107008289373,1.5259809677362823,0.030098759221651342,0.6940516304923479
DJ Bravo,West Indies,372,0.9276807980049875,31.0,0.6936131210670249,0.5089304036995971,3,0.13939720129171151,1.1020062212352628,0.02884348722688805,0.6825086970537214
MN Samuels,West Indies,303,0.9294478527607362,60.6,0.6936131210670249,0.6762428677176624,1,0.08180839612486544,1.1818076217174809,0.018634546856608813,0.6753477901485826
GJ Maxwell,Australia,373,1.0536723163841808,24.866666666666667,0.8557505418677818,0.5450796603350354,2,0.1057567917205692,1.2705106464808924,0.03535891722604642,0.6745521072858709
Ahmed Shehzad,Pakistan,570,0.7519788918205804,40.714285714285715,0.4202521217965156,0.7100123898629608,1,0.24471959213401312,0.9166513817831494,0.028075256163778067,0.6681707090499103
HDRL Thirimanne,Sri Lanka,636,0.7027624309392265,33.473684210526315,1.0,0.509340541335362,1,0.10156753274640326,0.8692577916384133,0.03395662755518743,0.6632718619525644
AR Patel,India,31,1.7222222222222223,15.5,0.9272668974500966,1.0,0,0.01055139550714772,1.769117313365101,0.47140452079103173,0.6628267583005736
Shahid Afridi,Pakistan,338,1.4261603375527425,26.0,0.4202521217965156,0.6877056506216501,1,0.15659140568099053,1.7510805365202737,0.04364357804719848,0.6625301162742523
DA Warner,Australia,385,0.8850574712643678,38.5,0.8557505418677818,0.585715039145105,1,0.12451487710219922,1.032109330945036,0.04032571336467866,0.6559876486185523
SK Raina,India,306,1.0928571428571427,30.6,0.9272668974500966,0.7177766587306543,0,0.09189925119128659,1.1954825004107885,0.041292398090234925,0.6375728132489302
MDKJ Perera,Sri Lanka,506,0.8227642276422764,24.095238095238095,1.0,0.5261404438950484,1,0.09254885119175435,0.9774822485421245,0.03715468931104019,0.6356343797556496
PW Borren,Netherlands,89,1.679245283018868,44.5,0.4035523130872213,0.1926945439504352,0,0.305,1.986857142857143,0.04285495643554833,0.6303849561863235
KJ O'Brien,Ireland,181,0.8537735849056604,36.2,0.3309693445077259,0.6609290685331841,0,0.3426183844011142,1.3570900069637883,0.037445042922715624,0.6124491960418594
Sikandar Raza,Zimbabwe,357,0.7794759825327511,29.75,0.07753482570443826,0.6199123083347554,1,0.37557603686635943,1.2600687154037031,0.02731954003371751,0.6107232891702188
JD Ryder,New Zealand,175,1.3565891472868217,35.0,0.5600386206448764,0.833805386896868,0,0.08220603537981269,1.3931759680157731,0.025919437989735207,0.6071226402848485
RG Aga,Kenya,101,1.1744186046511629,50.5,0.3853890879008704,0.4702815268100931,0,0.33858267716535434,1.0544431946006751,0.019918500878494297,0.6048047051299194
JP Faulkner,Australia,256,0.9588014981273408,23.272727272727273,0.8557505418677818,0.46040497842202477,2,0.06630012936610608,1.1557022550287903,0.048655136863631335,0.6014574111644878
KW Richardson,Australia,11,2.2,5.5,0.8557505418677818,0.4202521217965156,0,0.0035575679172056922,2.5301423027166883,0.20203050891044214,0.5991661487013523
Mushfiqur Rahim,Bangladesh,634,0.8287581699346406,42.266666666666666,0.35632822035216943,0.5403444081614225,0,0.18849557522123894,1.1407232224595667,0.0301855211091765,0.5956480219494299
Anamul Haque,Bangladesh,587,0.6954976303317536,39.13333333333333,0.35632822035216943,0.5403444081614225,1,0.17699115044247787,0.8568812938663413,0.0238000170090849,0.5827836186141274
H Masakadza,Zimbabwe,522,0.772189349112426,37.285714285714285,0.07753482570443826,0.6293025578205428,1,0.2557603686635945,0.9603717154454177,0.032984392650658195,0.5801008729503103
KA Pollard,West Indies,173,0.9251336898395722,28.833333333333332,0.6936131210670249,0.641797558901133,1,0.06835306781485469,1.3325530113808564,0.03057422584587948,0.5775621410332709
MS Dhoni,India,260,0.8387096774193549,37.142857142857146,0.9272668974500966,0.5756285038379999,0,0.019400953029271615,1.301157249829816,0.039049110034436854,0.574378407384749
BAW Mendis,Sri Lanka,33,0.8048780487804879,3.6666666666666665,1.0,0.7214393867746188,1,0.00622718488297187,1.8484906705242816,0.17407765595569785,0.5718823140120517
BB McCullum,New Zealand,169,1.111842105263158,24.142857142857142,0.5600386206448764,0.8663653564170926,0,0.07023933402705515,1.4912350916513248,0.06860327748553316,0.5712208455743668
Umar Akmal,Pakistan,340,0.9686609686609686,30.90909090909091,0.4202521217965156,0.7240314249930834,1,0.08739985433357611,1.1444151866584495,0.02876830311705893,0.5709547118426295
W Barresi,Netherlands,165,0.9649122807017544,82.5,0.4035523130872213,0.1926945439504352,0,0.14,1.52,0.012974436352046745,0.5700543813494922
L Ronchi,New Zealand,353,1.0474777448071217,35.3,0.5600386206448764,0.6818299084655614,0,0.04994797086368366,1.3591476015300963,0.032353406081215015,0.5685335669721174
RA Jadeja,India,282,1.014388489208633,25.636363636363637,0.9272668974500966,0.6107359954902556,1,0.007147719537100068,0.7704220558202859,0.033960712274503,0.5635923380982082
AD Russell,West Indies,57,1.6764705882352942,14.25,0.6936131210670249,0.8354598282487915,0,0.003767491926803014,1.5130247578040903,0.04702304105723989,0.5615521363440312
JP Duminy,South Africa,311,0.805699481865285,25.916666666666668,0.9477652802176536,0.5182710377956256,0,0.09945872801082543,0.9442895805142084,0.05793801928159782,0.5565010461275463
Mohammad Hafeez,Pakistan,338,0.8047619047619048,33.8,0.4202521217965156,0.6812883211833232,1,0.1281864530225783,0.8392378035495297,0.03335063073865134,0.5527356035980068
DA Miller,South Africa,257,0.9049295774647887,19.76923076923077,0.9477652802176536,0.6268408179078104,0,0.04634641407307172,1.1408083997393876,0.047394306645163725,0.551972118893784
Samiullah Shenwari,Afghanistan,369,0.8443935926773455,33.857142857142854,0.2891336114514588,0.41949310238744225,1,0.23666343355965083,1.0628022090114209,0.03621486383693793,0.5511794728842999
IR Bell,England,378,0.8475336322869955,31.5,0.2684443017302961,0.9338349672324172,0,0.07234363225320271,1.2956086867164485,0.05357065210076722,0.5470449131563963
ES Szwarczynski,Netherlands,132,0.6111111111111112,66.0,0.4035523130872213,0.1926945439504352,0,0.375,0.7125,0.07856742013183861,0.546052443870924
GJ Bailey,Australia,402,0.7362637362637363,25.125,0.8557505418677818,0.570247511577699,0,0.09282018111254851,0.8356166178132215,0.047050792476309944,0.5458365937478388
RV Uthappa,India,35,0.8974358974358975,17.5,0.9272668974500966,1.0,0,0.011912865895166781,0.9218725454259832,0.47140452079103173,0.5450255290421173
Sarfraz Ahmed,Pakistan,254,0.9584905660377359,31.75,0.4202521217965156,0.670930591103466,0,0.04078659868900218,1.8377961526926867,0.0695889000639221,0.540135083891057
Haris Sohail,Pakistan,235,0.818815331010453,47.0,0.4202521217965156,0.5600386206448764,1,0.09031318281136198,0.9675510214475983,0.03544406025041679,0.536538191938775
JF Mooney,Ireland,123,1.1603773584905661,61.5,0.3309693445077259,0.5370107405329649,0,0.07520891364902507,1.3148592834501969,0.020495848730044855,0.5355891798943759
KM Jadhav,India,20,0.8,20.0,0.9272668974500966,1.0,0,0.0068073519400953025,0.821783526208305,0.0,0.5314360551532794
MM Ali,England,363,1.0401146131805157,33.0,0.2684443017302961,0.9032157416455697,0,0.0587792012057272,1.0292891233358454,0.027369027575198667,0.5298085212914706
Fawad Alam,Pakistan,245,0.7728706624605678,40.833333333333336,0.4202521217965156,0.8205966409925858,0,0.053896576839038604,1.146799384963988,0.022568323230269416,0.5291293711303785
SMA Priyanjan,Sri Lanka,288,0.7365728900255755,18.0,1.0,0.5642009942314733,0,0.05067640111659867,0.9721595316245458,0.059172633541393856,0.5280180443252683
SR Thompson,Ireland,130,0.8904109589041096,26.0,0.3309693445077259,0.6609290685331841,0,0.20612813370473537,1.451485608170845,0.06523280730534423,0.5278112695034678
S Prasanna,Sri Lanka,79,0.8144329896907216,11.285714285714286,1.0,0.7607187015396136,0,0.004509340777324458,1.338562209689997,0.09495654471538599,0.5277342936216192
MS Wade,Australia,168,0.7433628318584071,28.0,0.8557505418677818,0.7213249540552011,0,0.0407503234152652,0.9348912907398906,0.06622661785325219,0.5270692068563292
PJ Hughes,Australia,166,0.7579908675799086,33.2,0.8557505418677818,0.6682165576307828,0,0.02910737386804657,0.9673441259324635,0.029282859346099564,0.5268734437493487
LD Chandimal,Sri Lanka,294,0.7443037974683544,22.615384615384617,1.0,0.4588398183141295,0,0.05883616061842388,0.9935207960715888,0.049777139928548805,0.5253527623433646
DR Smith,West Indies,236,0.9365079365079365,33.714285714285715,0.6936131210670249,0.559728991721272,0,0.06727664155005382,1.0312327956680007,0.02871748048145309,0.522574377810886
AN Cook,England,415,0.6848184818481848,25.9375,0.2684443017302961,0.9412845876055749,0,0.10550113036925396,0.898755575469969,0.05712304238113855,0.5149258567304743
BMAJ Mendis,Sri Lanka,55,1.2790697674418605,13.75,1.0,0.2684443017302961,0,0.009233412067854841,1.8598730022393326,0.08326108942436267,0.5095814139894762
WP Saha,India,16,0.8421052631578947,8.0,0.9272668974500966,1.0,0,0.005445881552076242,0.8650352907455842,0.35355339059327373,0.5083634627126145
EJG Morgan,England,497,0.8228476821192053,27.61111111111111,0.2684443017302961,0.9307870290420124,0,0.039939713639788994,0.8282235354777298,0.036067437017462164,0.5053792715305706
JWA Taylor,England,170,0.7798165137614679,42.5,0.2684443017302961,1.0,0,0.05124340617935192,0.8778218275941155,0.023139305295980295,0.5048269955662713
Mohammad Nabi,Afghanistan,286,0.934640522875817,23.714285714285715,0.2891336114514588,0.41949310238744225,1,0.15809893307468478,1.3178520654239136,0.06643507483037503,0.5036808781670064
DM Bravo,West Indies,310,0.6843267108167771,31.0,0.6936131210670249,0.49870876031054123,0,0.11571582346609258,0.774524578399713,0.027256963340035873,0.5011197423475523
MG Johnson,Australia,95,1.144578313253012,10.555555555555555,0.8557505418677818,0.6415002168944238,0,0.018434670116429495,1.236862017623081,0.11338934190276817,0.5003525739614484
Mohammed Shami,India,55,1.0185185185185186,7.857142857142857,0.9272668974500966,0.5994285581358021,1,0.0003403675970047651,1.0272294077603812,0.12719566233846014,0.4984977610310642
KTGD Prasad,Sri Lanka,42,0.8936170212765957,10.5,1.0,0.5978555995901964,0,0.001503113592441486,1.412926776894997,0.07502344849205331,0.498241253635388
PJ Cummins,Australia,1,1.0,1.0,0.8557505418677818,0.9477652802176536,0,0.0003234152652005175,1.15006468305304,0.0,0.4962014264418944
Shakib Al Hasan,Bangladesh,233,1.0043103448275863,25.88888888888889,0.35632822035216943,0.4231029167020785,1,0.1256637168141593,1.1684229033581435,0.030339812652066755,0.492630782034489
JDS Neesham,New Zealand,63,0.9692307692307692,12.6,0.5600386206448764,0.732660340295687,0,0.01768990634755463,1.798784161235555,0.0743705146635912,0.48968668308794033
DJG Sammy,West Indies,126,0.9767441860465116,15.75,0.6936131210670249,0.5343038953001342,0,0.04413347685683531,1.5547372197986895,0.050184046948086855,0.4891825143856246
STR Binny,India,12,0.631578947368421,6.0,0.9272668974500966,1.0,0,0.0040844111640571815,0.821783526208305,0.11785113019775793,0.4838711650992517
BJ Haddin,Australia,224,0.7724137931034483,22.4,0.8557505418677818,0.4796010460911976,0,0.0517464424320828,0.929345198426699,0.06048092094273708,0.4832742020299631
JO Holder,West Indies,41,1.4642857142857142,10.25,0.6936131210670249,0.49906288962665124,0,0.016146393972012917,1.621097954790097,0.10981940405746922,0.48293053474466874
Mahmudullah,Bangladesh,253,0.7047353760445683,21.083333333333332,0.35632822035216943,0.5390427909769387,1,0.1584070796460177,0.9384115604346366,0.039638653055569406,0.48291066624653384
SE Marsh,Australia,177,0.7662337662337663,44.25,0.8557505418677818,0.2684443017302961,0,0.052393272962483826,0.8706097133392172,0.041347856638656776,0.481214984306216
Imran Tahir,South Africa,47,0.8867924528301887,9.4,0.9477652802176536,0.6698149060169756,0,0.007780784844384303,1.07731450157871,0.08339126405519481,0.47731336270606833
CO Obuya,Kenya,66,0.9565217391304348,33.0,0.3853890879008704,0.4702815268100931,0,0.14566929133858267,1.323162729658793,0.17677669529663687,0.47482600696848826
Asghar Stanikzai,Afghanistan,209,0.7655677655677655,40.5,0.2891336114514588,0.6759618098996953,0,0.08729388942774007,1.0215063791688428,0.027759933761175744,0.4742419381404168
B Kumar,India,47,0.7966101694915254,7.833333333333333,0.9272668974500966,0.6292912975256831,0,0.006126616746085773,1.3207235242633473,0.1122485991228394,0.4729566268249053
PC de Silva,Sri Lanka,80,0.7920792079207921,13.333333333333334,1.0,0.5567499783828088,0,0.016748980030062272,1.0049388018037362,0.06241877839323592,0.47202285661188326
RS Bopara,England,410,0.737410071942446,25.625,0.2684443017302961,0.8974745045337489,0,0.05576488319517709,0.7087536767387025,0.05689568493411369,0.47174912704297584
BA Stokes,England,172,0.7288135593220338,14.333333333333334,0.2684443017302961,0.8511771556200146,1,0.08063300678221552,1.0416198253178006,0.04929547831821396,0.47111537432372436
JC Tredwell,England,96,0.8571428571428571,8.727272727272727,0.2684443017302961,0.9605486253305234,0,0.006028636021100226,1.9002260738507915,0.10458844601093231,0.46805634985358285
MJ Lumb,England,165,0.8009708737864077,55.0,0.2684443017302961,0.6936131210670249,0,0.044461190655614165,0.7962595053778173,0.02213494757094859,0.4663568771847269
MJ Clarke,Australia,181,0.7541666666666667,30.166666666666668,0.8557505418677818,0.34984621880721267,0,0.036545924967658475,0.9485934977006827,0.043496079548811545,0.4624425002324302
Mominul Haque,Bangladesh,328,0.8019559902200489,29.818181818181817,0.35632822035216943,0.5966245662616737,0,0.06991150442477877,1.0119149712617463,0.0505615946503244,0.46074707936109993
SR Watson,Australia,83,0.6747967479674797,13.833333333333334,0.8557505418677818,0.7213249540552011,0,0.02328589909443726,0.8536562595857617,0.0673333248543226,0.4606649632718851
WU Tharanga,Sri Lanka,79,0.5486111111111112,26.333333333333332,1.0,0.5594961212514461,0,0.010951256173502255,0.7099435036615254,0.4803844614152613,0.4602710015919947
E Chigumbura,Zimbabwe,353,0.721881390593047,25.214285714285715,0.07753482570443826,0.6293025578205428,1,0.11981566820276497,0.9568378009995457,0.03842579403732094,0.45794011351051833
DL Vettori,New Zealand,41,1.025,10.25,0.5600386206448764,0.6840087010070846,0,0.006763787721123829,1.6334547346514048,0.07916008171963321,0.45769656892409055
RR Rossouw,South Africa,94,0.8867924528301887,13.428571428571429,0.9477652802176536,0.43774040030551875,0,0.03112313937753721,1.023982100510457,0.06097647342717297,0.4563272916378293
Sohail Tanvir,Pakistan,52,1.0833333333333333,13.0,0.4202521217965156,0.6339666009506028,0,0.012381646030589949,1.8968681718863802,0.31622776601683794,0.45597413399961395
KOA Powell,West Indies,153,0.9161676646706587,25.5,0.6936131210670249,0.3760632484980612,0,0.07265877287405813,1.0347433753979343,0.03175163217506818,0.45523558081798365
DG Brownlie,New Zealand,181,0.7669491525423728,30.166666666666668,0.5600386206448764,0.5960898412702282,0,0.0639958376690947,0.7448190263656082,0.07711343375194019,0.4508893009380957
SMSM Senanayake,Sri Lanka,94,0.7642276422764228,8.545454545454545,1.0,0.5352696118396643,0,0.016104788490444492,0.9174849200616862,0.11682312562117461,0.4500768694866004
PL Mommsen,Scotland,128,0.7950310559006211,25.6,0.5370107405329649,0.27565942428480966,1,0.14007308160779536,0.8739771148204698,0.031971570730397705,0.4499953494898866
NM Coulter-Nile,Australia,50,0.6666666666666666,10.0,0.8557505418677818,0.5401726931252391,1,0.0129366106080207,0.8846651408100309,0.17541160386140586,0.446873052617695
DW Steyn,South Africa,60,0.5217391304347826,7.5,0.9477652802176536,0.7395407694610279,1,0.004736129905277402,0.35768544716447287,0.13228756555322954,0.444947119405669
M Morkel,South Africa,22,0.6470588235294118,5.5,0.9477652802176536,0.8918129064008363,1,0.0,0.0,0.09090909090909091,0.44324985158435143
F Behardien,South Africa,54,0.9310344827586207,13.5,0.9477652802176536,0.8557505418677818,0,0.0,0.0,0.10016708449412666,0.44228993642393327
R McLaren,South Africa,74,0.5736434108527132,9.25,0.9477652802176536,0.7152901596265275,0,0.011502029769959404,0.7078008319550946,0.10716726937793503,0.4413382560917386
WD Parnell,South Africa,43,0.671875,10.75,0.9477652802176536,0.46664268378611,1,0.013531799729364006,0.7371503360766654,0.1076763804116331,0.4405364335735124
RMS Eranga,Sri Lanka,12,0.7058823529411765,12.0,1.0,0.9272668974500966,0,0.0,0.0,0.0,0.43936606103095976
Dawlat Zadran,Afghanistan,57,1.0,9.0,0.2891336114514588,0.4300205827266545,0,0.037827352085354024,2.5575493048819915,0.1012220412723645,0.4381375972144478
KMDN Kulasekara,Sri Lanka,60,0.6593406593406593,6.0,1.0,0.56629469471828,0,0.010092334120678548,0.9486794073437835,0.0773565934694095,0.4364613245606382
MW Machan,Scotland,81,1.0125,40.5,0.5370107405329649,0.1926945439504352,0,0.09866017052375152,1.092661388550548,0.025712973861329,0.4358347371754381
CR Woakes,England,137,0.7445652173913043,17.125,0.2684443017302961,0.9727250865437862,0,0.006782215523737754,1.1876412961567446,0.07615841104748769,0.43526825065491187
Misbah-ul-Haq,Pakistan,254,0.7016574585635359,28.22222222222222,0.4202521217965156,0.7905748269808426,0,0.013109978150036417,0.6478866621243804,0.0356304337075122,0.43390670894564115
HJW Gardiner,Scotland,112,0.7044025157232704,37.333333333333336,0.5370107405329649,0.3309693445077259,0,0.10840438489646773,0.9800641328394939,0.02233649499841539,0.43390564899217515
BRM Taylor,Zimbabwe,368,0.7449392712550608,26.285714285714285,0.07753482570443826,0.5822574386229574,0,0.09907834101382489,1.306451612903226,0.03872493996016556,0.43387812350895594
KA Edwards,West Indies,154,0.7623762376237624,25.666666666666668,0.6936131210670249,0.3567588348862556,0,0.07804090419806244,0.8657797548602727,0.020886584649820298,0.43059996847523396
R Ashwin,India,67,1.0,9.571428571428571,0.9272668974500966,0.6241160407802059,1,0.0,0.0,0.1588722273255606,0.43018195956640626
RJ Peterson,South Africa,11,0.9166666666666666,11.0,0.9477652802176536,0.8557505418677818,0,0.0,0.0,0.0,0.42821876038981616
S Randiv,Sri Lanka,15,0.6818181818181818,7.5,1.0,0.9272668974500966,0,0.0,0.0,0.282842712474619,0.4275836175737403
Sharjeel Khan,Pakistan,93,0.8532110091743119,18.6,0.4202521217965156,0.8432801017803111,0,0.03641660597232338,0.797003433565706,0.10827432486770286,0.4275285212340666
RML Taylor,Scotland,56,1.2444444444444445,28.0,0.5370107405329649,0.1926945439504352,0,0.0682095006090134,1.3429692786574638,0.039283710065919304,0.4242665110992834
LMP Simmons,West Indies,219,0.6780185758513931,27.375,0.6936131210670249,0.37429935094214367,0,0.06458557588805167,0.6789939077654856,0.03643900149394216,0.42249753011138097
MJ Guptill,New Zealand,160,0.5776173285198556,16.0,0.5600386206448764,0.7325313860309195,0,0.06555671175858481,0.6773024979550045,0.057312053992565254,0.4224590776223712
TWM Latham,New Zealand,131,0.7616279069767442,18.714285714285715,0.5600386206448764,0.5709701670596978,0,0.02029136316337149,1.1530268715186385,0.09538756118290725,0.42146408347061043
Wahab Riaz,Pakistan,35,0.7142857142857143,7.0,0.4202521217965156,0.7663156650050633,0,0.0065549890750182084,1.6737072104879827,0.21566554640687682,0.4184097322755231
P Utseya,Zimbabwe,66,0.5196850393700787,9.428571428571429,0.07753482570443826,0.9214753549748332,1,0.06912442396313365,1.306451612903226,0.09699794920789633,0.4182613421358501
SP Narine,West Indies,24,1.2,6.0,0.6936131210670249,0.31238626104123274,1,0.005382131324004306,1.2008132998445162,0.31622776601683794,0.41692086655221894
KD Karthik,India,50,0.6410256410256411,12.5,0.9272668974500966,0.516428488400036,0,0.007828454731109599,0.81469918546513,0.09065968278232492,0.41384942065126
Umar Gul,Pakistan,29,0.9666666666666667,9.666666666666666,0.4202521217965156,0.7388001696338519,0,0.019664967225054626,1.255280407865987,0.14691063206231753,0.41097018680975655
JH Kallis,South Africa,5,0.23809523809523808,1.6666666666666667,0.9477652802176536,1.0,0,0.0013531799729364006,0.3458936192359738,0.4803844614152614,0.4108093112236307
GS Ballance,England,196,0.6511627906976745,24.5,0.2684443017302961,0.918783633115153,0,0.013564431047475508,0.6895981719619808,0.03962588619685995,0.41065038804826764
SL Malinga,Sri Lanka,8,0.3076923076923077,1.3333333333333333,1.0,0.648053414088657,2,0.0,0.0,0.4128614119223852,0.40820287659734156
Usman Ghani,Afghanistan,246,0.7235294117647059,58.333333333333336,0.2891336114514588,0.07753482570443826,0,0.10863239573229874,0.9511196086777522,0.018632821555412456,0.40788680532359356
MA Starc,Australia,38,0.6333333333333333,9.5,0.8557505418677818,0.5983293769840653,0,0.0019404915912031048,0.86254851228978,0.07632327769721767,0.4072093573298074
Mashrafe Mortaza,Bangladesh,86,0.8514851485148515,9.555555555555555,0.35632822035216943,0.4798050626076582,1,0.04247787610619469,1.3554304102976669,0.07942318776347373,0.4060575378963545
TG Southee,New Zealand,17,1.0,5.666666666666667,0.5600386206448764,0.8562150995782584,0,0.0015608740894901144,0.7539021852237253,0.32732683535398854,0.40560580894337345
Younis Khan,Pakistan,160,0.7729468599033816,32.0,0.4202521217965156,0.5600386206448764,0,0.028404952658412235,0.7912070449579555,0.02405974233356921,0.4054690576944781
Tamim Iqbal,Bangladesh,265,0.6725888324873096,33.125,0.35632822035216943,0.3085641864654082,0,0.13008849557522123,0.7906677393403058,0.04157974633001789,0.4035776292847344
MM Sharma,India,8,1.1428571428571428,8.0,0.9272668974500966,0.6936131210670249,0,0.0,0.0,0.0,0.4017920661283133
Bilawal Bhatti,Pakistan,18,1.2857142857142858,18.0,0.4202521217965156,1.0,0,0.0,0.0,0.0,0.398466956582196
N Dickwella,Sri Lanka,4,0.4,4.0,1.0,0.9272668974500966,0,0.0,0.0,0.0,0.39713085451342156
Saeed Ajmal,Pakistan,11,1.8333333333333333,3.6666666666666665,0.4202521217965156,0.7388001696338519,0,0.0007283321194464676,0.5579024034959942,0.18156825980064073,0.39541934897048703
Sohaib Maqsood,Pakistan,113,0.6890243902439024,18.833333333333332,0.4202521217965156,0.7380798785202511,0,0.03860160233066278,0.6957371149479458,0.07019200376124331,0.39253082528665567
SC Williams,Zimbabwe,229,0.7246835443037974,22.9,0.07753482570443826,0.7317728319178209,0,0.013824884792626729,1.306451612903226,0.04152711561977609,0.3914355002525865
AP Devcich,New Zealand,84,0.7433628318584071,28.0,0.5600386206448764,0.4202521217965156,0,0.030176899063475548,0.8573789557446287,0.034421419541075714,0.38708038250851917
Junaid Khan,Pakistan,3,0.6,1.0,0.4202521217965156,0.9757556324833656,0,0.0007283321194464676,1.1158048069919884,1.0,0.38640810535550446
Nawroz Mangal,Afghanistan,249,0.7830188679245284,17.0,0.2891336114514588,0.6759618098996953,0,0.023278370514064017,0.8584780883519972,0.06613000712661082,0.38573456329085976
KDK Vithanage,Sri Lanka,34,0.6666666666666666,8.5,1.0,0.3499885013910586,0,0.007300837449001503,0.8073867296542838,0.29277002188455997,0.3847708280222385
XJ Doherty,Australia,2,1.0,1.0,0.8557505418677818,0.34434821176340585,0,0.000646830530401035,1.15006468305304,1.0,0.3799219096108909
NM Lyon,Australia,8,2.6666666666666665,8.0,0.8557505418677818,0.07753482570443826,0,0.0,0.0,0.0,0.379346244788583
J Charles,West Indies,31,0.6326530612244898,15.5,0.6936131210670249,0.5600386206448764,0,0.016684607104413347,0.7283193709926522,0.04561979233461597,0.37787665479602656
Ziaur Rahman,Bangladesh,71,1.4791666666666667,23.666666666666668,0.35632822035216943,0.7388001696338519,0,0.0,0.0,0.06532553344640132,0.37177845277559984
JE Taylor,West Indies,11,0.7857142857142857,5.5,0.6936131210670249,0.9272668974500966,0,0.0,0.0,0.128564869306645,0.37055951175706653
CH Gayle,West Indies,67,0.6504854368932039,22.333333333333332,0.6936131210670249,0.35632822035216943,0,0.03606027987082885,0.703000407578877,0.03233667436345479,0.3687106214841151
N Deonarine,West Indies,29,0.9354838709677419,29.0,0.6936131210670249,0.5600386206448764,0,0.0,0.0,0.0,0.36849741834142247
AA Obanda,Kenya,94,0.7833333333333333,47.0,0.3853890879008704,0.4702815268100931,0,0.01968503937007874,0.33010296789824356,0.016835875742536848,0.36746210251562544
TA Boult,New Zealand,31,0.6458333333333334,15.5,0.5600386206448764,0.9477652802176536,0,0.0,0.0,0.128564869306645,0.3653332100097439
A Balbirnie,Ireland,60,0.4316546762589928,20.0,0.3309693445077259,0.5370107405329649,0,0.15041782729805014,0.712727462057116,0.06108472217815261,0.3637650619096056
RD Berrington,Scotland,134,0.7204301075268817,33.5,0.5370107405329649,0.26183194422908057,0,0.037758830694275276,0.6827413060230183,0.021292666897168463,0.3618350069510104
PLS Gamage,Sri Lanka,0,0.0,0.0,1.0,0.9272668974500966,0,0.0,0.0,1.0,0.3581118179045489
VD Philander,South Africa,4,0.13793103448275862,0.8,0.9477652802176536,0.8254580492496444,0,0.00033829499323410016,0.22483085250338297,2.23606797749979,0.35802218187583235
Asad Shafiq,Pakistan,128,0.5925925925925926,18.285714285714285,0.4202521217965156,0.6867723011689788,0,0.02039329934450109,0.5481146420311521,0.05816594317454367,0.3574229121738474
MA Leask,Scotland,77,0.9390243902439024,19.25,0.5370107405329649,0.26183194422908057,0,0.020706455542021926,1.079171741778319,0.04828514488567936,0.3569894191318238
NL McCullum,New Zealand,54,0.9,10.8,0.5600386206448764,0.6818299084655612,0,0.001040582726326743,0.4020811654526535,0.15127225520401288,0.356045039923105
Sabbir Rahman,Bangladesh,83,1.2028985507246377,16.6,0.35632822035216943,0.07753482570443826,0,0.07345132743362832,1.4945748364755675,0.05709161420029026,0.3557342023346321
FRJ Coleman,Scotland,73,0.7448979591836735,18.25,0.5370107405329649,0.26183194422908057,0,0.05237515225334957,1.079171741778319,0.05924354974682282,0.354305032399276
AM Phangiso,South Africa,18,0.5806451612903226,6.0,0.9477652802176536,0.33694006442555274,0,0.005074424898511502,0.7664688153524418,0.1643989873053573,0.35329571888631706
Shafiqullah,Afghanistan,89,1.155844155844156,25.0,0.2891336114514588,0.07753482570443826,0,0.07080504364694472,1.4126186576775692,0.03620243071279983,0.35262160084943633
SCJ Broad,England,40,0.7272727272727273,10.0,0.2684443017302961,0.8152161866675925,0,0.024114544084400905,0.808606839936507,0.08164965809277261,0.3499489392429364
AD Hales,England,59,0.6704545454545454,11.8,0.2684443017302961,0.956360138470058,0,0.003014318010550113,0.5278405760696643,0.05850054259504887,0.34968980849760073
Noor Ali Zadran,Afghanistan,162,0.6612244897959184,21.8,0.2891336114514588,0.5005177341310978,0,0.05140640155189137,0.8124881907617116,0.05947536223022092,0.34904294934919067
GC Wilson,Ireland,65,0.6632653061224489,32.5,0.3309693445077259,0.8468065605335124,0,0.0,0.0,0.02396972139615415,0.3483162738963701
Anwar Ali,Pakistan,81,0.7105263157894737,16.2,0.4202521217965156,0.6241423872953551,0,0.01529497450837582,0.6508861374119933,0.18831089428867737,0.34658697572978325
Shafiul Islam,Bangladesh,15,0.8333333333333334,15.0,0.35632822035216943,1.0,0,0.0,0.0,0.0,0.34580993965509543
Nasir Hossain,Bangladesh,198,0.6711864406779661,22.0,0.35632822035216943,0.8108044302336256,0,0.0,0.0,0.07057846732405855,0.3444339913096517
KJ Abbott,South Africa,29,0.7435897435897436,14.5,0.9477652802176536,0.07753482570443826,0,0.009810554803788904,0.83590957982027,0.0831890330807703,0.34412123492724156
DT Christian,Australia,23,1.15,23.0,0.8557505418677818,0.2684443017302961,0,0.0,0.0,0.0,0.34397332434009753
BV Vitori,Zimbabwe,23,1.7692307692307692,11.5,0.07753482570443826,0.9477652802176536,0,0.0,0.0,0.0831890330807703,0.3427990885560497
MC Sorensen,Ireland,42,0.5833333333333334,10.5,0.3309693445077259,0.6919086505332388,0,0.03899721448467967,0.859634249727504,0.14383899044561524,0.33989782484166614
KD Mills,New Zealand,27,0.6923076923076923,13.5,0.5600386206448764,0.8206892006423392,0,0.0,0.0,0.0565685424949238,0.3387951879628599
RR Patel,Kenya,48,0.8,24.0,0.3853890879008704,0.4702815268100931,0,0.03937007874015748,0.6130483689538808,0.050507627227610534,0.3374482250742526
SJ Myburgh,Netherlands,36,0.631578947368421,18.0,0.4035523130872213,0.1926945439504352,0,0.18,0.7892307692307693,0.039283710065919304,0.3362804537046677
MH Cross,Scotland,73,0.7227722772277227,14.6,0.5370107405329649,0.27565942428480966,0,0.0730816077953715,0.8093788063337394,0.043924759832423665,0.3358518830352555
Shamsur Rahman,Bangladesh,145,0.7512953367875648,18.125,0.35632822035216943,0.8254533438794507,0,0.0,0.0,0.044779771277187165,0.33514997001563546
TT Bresnan,England,98,0.8672566371681416,12.25,0.2684443017302961,0.7949490090674979,0,0.009796533534287867,0.41727937432534273,0.0761386987626881,0.3350521677815348
JR Hazlewood,Australia,0,0.0,0.0,0.8557505418677818,0.9477652802176536,0,0.0,0.0,0.0,0.33420040986013594
WTS Porterfield,Ireland,62,0.5081967213114754,31.0,0.3309693445077259,0.8468065605335124,0,0.0,0.0,0.11785113019775793,0.3330665873922696
AD Poynter,Ireland,55,0.4583333333333333,13.75,0.3309693445077259,0.5761613356664799,0,0.10306406685236769,0.6531685236768803,0.13102435641608368,0.33177201001719825
CJ Jordan,England,57,0.6333333333333333,6.333333333333333,0.2684443017302961,0.9519168472892606,1,0.0,0.0,0.10675210253672475,0.3304008576564601
Rubel Hossain,Bangladesh,39,0.7090909090909091,6.5,0.35632822035216943,0.5740338771433892,0,0.010619469026548672,1.1469026548672567,0.1759538357694467,0.33007233389633545
Umar Amin,Pakistan,19,0.6551724137931034,19.0,0.4202521217965156,0.8557505418677818,0,0.0,0.0,0.0,0.32741583650058215
CAK Walton,West Indies,17,0.7391304347826086,17.0,0.6936131210670249,0.5600386206448764,0,0.0,0.0,0.0,0.3241627145091545
NJ O'Brien,Ireland,45,0.6923076923076923,22.5,0.3309693445077259,0.8468065605335124,0,0.0,0.0,0.06734350297014739,0.3236626412901353
R Rampaul,West Indies,17,0.8947368421052632,8.5,0.6936131210670249,0.5978555995901964,0,0.0,0.0,0.09428090415820634,0.3228370347991905
I Sharma,India,5,0.5,5.0,0.9272668974500966,0.5600386206448764,0,0.0,0.0,0.0,0.32187547509073694
Naeem Islam,Bangladesh,81,0.6377952755905512,27.0,0.35632822035216943,0.7388001696338518,0,0.0,0.0,0.08804509063256238,0.3202897353272244
MJ McClenaghan,New Zealand,40,0.7407407407407407,13.333333333333334,0.5600386206448764,0.687210174360398,0,0.0,0.0,0.055103876877798386,0.31829230796760194
SO Ngoche,Kenya,9,1.8,9.0,0.3853890879008704,0.5370107405329649,0,0.0,0.0,0.0,0.316954770399702
BCJ Cutting,Australia,26,1.1818181818181819,26.0,0.8557505418677818,0.07753482570443826,0,0.0,0.0,0.0,0.31691775817518403
Arafat Sunny,Bangladesh,10,0.29411764705882354,1.6666666666666667,0.35632822035216943,0.7277780728593162,0,0.0008849557522123894,1.2424778761061948,0.5710402407201608,0.3163489276153547
Abdur Rehman,Pakistan,8,1.0,8.0,0.4202521217965156,0.35632822035216943,0,0.005826656955571741,1.1158048069919884,0.0,0.31525018323425374
Soumya Sarkar,Bangladesh,20,1.1111111111111112,20.0,0.35632822035216943,0.07753482570443826,0,0.017699115044247787,1.3805309734513276,0.0,0.3125830690049788
Zulfiqar Babar,Pakistan,34,0.9444444444444444,8.5,0.4202521217965156,0.7818225615620554,0,0.0,0.0,0.18156825980064073,0.31200246847924734
A Mishra,India,6,0.42857142857142855,3.0,0.9272668974500966,0.5569326214317702,0,0.0,0.0,0.35355339059327373,0.311582436678034
AR Cusack,Ireland,10,0.5882352941176471,10.0,0.3309693445077259,1.0,0,0.0,0.0,0.0,0.3106059885644489
SJ Benn,West Indies,1,0.14285714285714285,0.5,0.6936131210670249,0.9272668974500966,0,0.0,0.0,1.414213562373095,0.3106002559454456
SA Abbott,Australia,3,0.42857142857142855,3.0,0.8557505418677818,0.4202521217965156,0,0.0009702457956015524,0.4928848641655886,0.0,0.30853184763753744
Javed Ahmadi,Afghanistan,63,0.863013698630137,31.5,0.2891336114514588,0.07753482570443826,0,0.061105722599418044,1.0187077315546815,0.028861501272920306,0.30812139613935036
HMRKB Herath,Sri Lanka,1,0.1111111111111111,0.5,1.0,0.6081047909739749,0,0.0,0.0,1.414213562373095,0.3058315434596609
MA Carberry,England,6,0.75,6.0,0.2684443017302961,1.0,0,0.0,0.0,0.0,0.3002101990179161
SM Sharif,Scotland,32,0.6666666666666666,10.666666666666666,0.5370107405329649,0.23878614413619878,0,0.01705237515225335,1.0072269589930978,0.14237369936287486,0.2980945059855765
Sohag Gazi,Bangladesh,69,0.8117647058823529,8.625,0.35632822035216943,0.7871549840128288,0,0.0,0.0,0.10661117560724884,0.2972003816096716
J Anderson,Ireland,40,0.425531914893617,13.333333333333334,0.3309693445077259,0.5370107405329649,0,0.0584958217270195,0.6178621169916435,0.19487094073848926,0.2954312963473942
CA Young,Ireland,11,1.5714285714285714,11.0,0.3309693445077259,0.5370107405329649,0,0.0,0.0,0.0,0.29489569999436016
Najibullah Zadran,Afghanistan,38,0.41304347826086957,9.5,0.2891336114514588,0.6759618098996953,0,0.020368574199806012,0.6885709666989978,0.11496024978590211,0.291995403479361
SO Tikolo,Kenya,7,0.875,7.0,0.3853890879008704,0.4035523130872213,0,0.027559055118110236,0.750984251968504,0.0,0.2883861838030119
Gulbadin Naib,Afghanistan,82,1.025,27.0,0.2891336114514588,0.07753482570443826,0,0.030067895247332686,0.8712530599048544,0.17677669529663687,0.2872449304359785
MR Swart,Netherlands,29,1.0357142857142858,29.0,0.4035523130872213,0.3853890879008704,0,0.0,0.0,0.0,0.2859677540951904
GH Dockrell,Ireland,19,0.6333333333333333,9.5,0.3309693445077259,0.8468065605335124,0,0.0,0.0,0.0831890330807703,0.28460407795226145
TJ Murtagh,Ireland,12,0.75,6.0,0.3309693445077259,0.8468065605335124,0,0.0,0.0,0.17677669529663687,0.2836922356950788
Mohammad Irfan,Pakistan,13,0.65,2.6,0.4202521217965156,0.8254580492496444,0,0.0,0.0,0.18966081045272037,0.2817765771144743
EC Joyce,Ireland,25,0.4807692307692308,12.5,0.3309693445077259,0.8468065605335124,0,0.0,0.0,0.0565685424949238,0.2815769576876542
RM Haq,Scotland,14,0.5,4.666666666666667,0.5370107405329649,0.22064622967181727,0,0.008526187576126675,1.2590336987413724,0.24743582965269675,0.28060652101691663
Raza-ur-Rehman,Canada,104,0.8253968253968254,52.0,0.0,0.4702815268100931,0,0.0,0.0,0.019641855032959652,0.2755387602210901
JM Anderson,England,13,0.5,4.333333333333333,0.2684443017302961,0.9757556324833656,0,0.0,0.0,0.32732683535398854,0.27467564897508234
Imrul Kayes,Bangladesh,75,0.6,15.0,0.35632822035216943,0.5157252621404057,0,0.004424778761061947,0.3451327433628319,0.040291148201269014,0.27342746530960527
SW Poynter,Ireland,15,0.5,7.5,0.3309693445077259,0.5370107405329649,0,0.022284122562674095,0.7061281337047354,1.414213562373095,0.27320632632935715
VR Aaron,India,0,0.0,0.0,0.9272668974500966,0.5600386206448764,0,0.0,0.0,0.0,0.273101679329646
AC Evans,Scotland,22,0.88,22.0,0.5370107405329649,0.3309693445077259,0,0.0,0.0,0.0,0.27239439211178407
Rahmat Shah,Afghanistan,38,0.5507246376811594,15.5,0.2891336114514588,0.5024008615772675,0,0.006789524733268671,0.6356039692606132,0.10878565864408424,0.27231591322245147
Mohammad Shahzad,Afghanistan,40,0.6896551724137931,10.0,0.2891336114514588,0.6759618098996953,0,0.0019398642095053346,0.23608147429679924,0.11730928305086626,0.27098300091081085
Nasir Jamal,Afghanistan,67,0.5826086956521739,33.5,0.2891336114514588,0.07753482570443826,0,0.06498545101842872,0.6877155990385021,0.128564869306645,0.26991209658210624
HF Gurney,England,15,0.45454545454545453,2.5,0.2684443017302961,0.9878778162416828,0,0.0,0.0,0.4428074427700477,0.2697642638458674
R Mutumbami,Zimbabwe,100,0.6451612903225806,20.0,0.07753482570443826,0.7976359987944404,0,0.0,0.0,0.03976213862437721,0.2650985896925295
HA Varaiya,Kenya,13,0.9285714285714286,13.0,0.3853890879008704,0.5370107405329649,0,0.0,0.0,0.0,0.263848403407531
PR Stirling,Ireland,8,0.5333333333333333,4.0,0.3309693445077259,0.8468065605335124,0,0.0,0.0,1.0,0.26264136457121273
Mirwais Ashraf,Afghanistan,47,0.5875,4.5,0.2891336114514588,0.6062634612377626,0,0.0038797284190106693,0.5246254984373316,0.30151134457776363,0.26108124942943056
ST Finn,England,10,0.4,2.0,0.2684443017302961,0.9709067589800388,0,0.0,0.0,0.42640143271122083,0.2605274883220492
Nasir Jamshed,Pakistan,30,0.5769230769230769,15.0,0.4202521217965156,0.5600386206448764,0,0.0,0.0,0.04714045207910317,0.25707514581545665
CJ McKay,Australia,3,0.3,1.5,0.8557505418677818,0.2684443017302961,0,0.0009702457956015524,0.345019404915912,1.414213562373095,0.2551989123417271
BN Cooper,Netherlands,3,1.5,3.0,0.4035523130872213,0.3853890879008704,0,0.0,0.0,0.0,0.25437658998497675
TMK Mawoyo,Zimbabwe,16,0.25806451612903225,5.333333333333333,0.07753482570443826,0.886422121317739,0,0.03456221198156682,0.4260168302945302,0.11923929502757462,0.2537305154833187
JH Davey,Scotland,44,0.5432098765432098,22.0,0.5370107405329649,0.3309693445077259,0,0.0,0.0,0.039283710065919304,0.2516620727149356
MN Waller,Zimbabwe,65,0.5078125,10.833333333333334,0.07753482570443826,0.7128856009039434,0,0.02534562211981567,0.36848635235732013,0.12219984610975736,0.2508185746307611
Sharafuddin Ashraf,Afghanistan,18,0.9,8.5,0.2891336114514588,0.07753482570443826,0,0.016488845780795344,1.2541828322017459,0.128564869306645,0.24693967700164515
Mohammad Talha,Pakistan,0,0.0,0.0,0.4202521217965156,0.9272668974500966,0,0.0,0.0,0.0,0.24609187757064244
Al-Amin Hossain,Bangladesh,2,0.2222222222222222,0.6666666666666666,0.35632822035216943,0.897871040355675,0,0.0,0.0,0.8660254037844385,0.24605738720368941
JL Pattinson,Australia,4,0.4,4.0,0.8557505418677818,0.2684443017302961,0,0.0,0.0,0.0,0.24195981044664888
LM Jongwe,Zimbabwe,27,0.4426229508196721,9.0,0.07753482570443826,0.9477652802176536,0,0.0,0.0,0.1125087900926024,0.24148772321091388
MJ Henry,New Zealand,1,0.3333333333333333,1.0,0.5600386206448764,0.4202521217965156,1,0.0,0.0,0.0,0.24044139395022351
E Otieno,Kenya,7,0.7777777777777778,7.0,0.3853890879008704,0.5370107405329649,0,0.0,0.0,0.0,0.23786852417349208
Hamza Tariq,Canada,71,0.8554216867469879,35.5,0.0,0.4702815268100931,0,0.0,0.0,0.019918500878494297,0.2335636217466895
Raza Hasan,Pakistan,0,0.0,0.0,0.4202521217965156,0.8557505418677818,0,0.0,0.0,0.0,0.23227335716474717
GJ McCarter,Ireland,1,1.0,1.0,0.3309693445077259,0.5370107405329649,0,0.0,0.0,0.0,0.2284016153039908
Mudassar Bukhari,Netherlands,4,1.0,4.0,0.4035523130872213,0.3853890879008704,0,0.0,0.0,0.0,0.2206564395726575
NN Odhiambo,Kenya,7,0.5384615384615384,7.0,0.3853890879008704,0.5370107405329649,0,0.0,0.0,0.0,0.2205281044041609
AR White,Ireland,7,0.3888888888888889,3.5,0.3309693445077259,0.5370107405329649,0,0.002785515320334262,0.3530640668523677,0.282842712474619,0.2189176381366701
MA Ouma,Kenya,5,0.35714285714285715,2.5,0.3853890879008704,0.4702815268100931,0,0.003937007874015748,0.42913385826771655,0.47140452079103173,0.2178334348296614
UT Yadav,India,0,0.0,0.0,0.9272668974500966,0.2684443017302961,0,0.0,0.0,0.0,0.21675929424367152
NO Miller,West Indies,12,0.4,6.0,0.6936131210670249,0.2684443017302961,0,0.0,0.0,0.17677669529663687,0.21665035397374935
V Sibanda,Zimbabwe,102,0.7906976744186046,14.571428571428571,0.07753482570443826,0.5253102374565934,0,0.0,0.0,0.08334711541121362,0.2106441656468512
Shapoor Zadran,Afghanistan,7,0.2413793103448276,2.3333333333333335,0.2891336114514588,0.4750179483170169,0,0.004849660523763337,0.6557818730466646,0.43301270189221924,0.20924321174456612
N Madziva,Zimbabwe,44,0.5176470588235295,8.8,0.07753482570443826,0.7111904562714599,0,0.0,0.0,0.10249000771134847,0.20358058884009222
SF Mire,Zimbabwe,134,0.6600985221674877,26.8,0.07753482570443826,0.35632822035216943,0,0.0,0.0,0.045189230701243706,0.20250996378964983
DT Tiripano,Zimbabwe,4,0.26666666666666666,2.0,0.07753482570443826,0.5724420766596203,1,0.0069124423963133645,0.3266129032258065,0.7071067811865475,0.20244635262063848
Karim Sadiq,Afghanistan,12,0.3333333333333333,12.0,0.2891336114514588,0.35632822035216943,0,0.011639185257032008,0.3934691238279987,0.0,0.19971474642403161
R Gunasekera,Canada,54,0.7012987012987013,27.0,0.0,0.4702815268100931,0,0.0,0.0,0.026189140043946204,0.19965185786442102
NR Kumar,Canada,48,0.7868852459016393,24.0,0.0,0.4702815268100931,0,0.0,0.0,0.35355339059327373,0.19782590600366964
J Nyumbu,Zimbabwe,31,0.484375,3.4444444444444446,0.07753482570443826,0.7403957337791733,0,0.0,0.0,0.17533668965604104,0.19210054207535218
TL Chatara,Zimbabwe,49,0.6447368421052632,7.0,0.07753482570443826,0.5966562833873953,0,0.0,0.0,0.1796053020267749,0.18727732449530415
Amir Hamza,Afghanistan,1,0.0625,0.5,0.2891336114514588,0.7101260608982578,0,0.0,0.0,1.414213562373095,0.18466710860068353
Abdur Razzak,Bangladesh,5,0.22727272727272727,1.6666666666666667,0.35632822035216943,0.5587866178618363,0,0.0,0.0,0.34641016151377546,0.1837474856098292
LJ Wright,England,1,0.07142857142857142,0.5,0.2684443017302961,0.6936131210670249,0,0.0,0.0,1.414213562373095,0.1781257702824007
TM Odoyo,Kenya,2,0.2857142857142857,1.0,0.3853890879008704,0.4702815268100931,0,0.0,0.0,0.7071067811865475,0.17443417054174518
SW Masakadza,Zimbabwe,22,0.7333333333333333,7.333333333333333,0.07753482570443826,0.5086775010401904,0,0.0,0.0,0.14095229572048187,0.17297296701113235
Hashmatullah Shahidi,Afghanistan,14,0.56,11.0,0.2891336114514588,0.07753482570443826,0,0.002909796314258002,0.5058888734931412,0.0,0.16478764622424777
RW Chakabva,Zimbabwe,90,0.5521472392638037,18.0,0.07753482570443826,0.34288929857202727,0,0.0,0.0,0.09556369651349932,0.1641392278559661
I Wardlaw,Scotland,0,0.0,0.0,0.5370107405329649,0.3309693445077259,0,0.0,0.0,1.0,0.15343449180496646
Usman Limbada,Canada,19,0.5135135135135135,19.0,0.0,0.4035523130872213,0,0.0,0.0,0.0,0.14857504518774886
Khurram Chohan,Canada,23,0.4791666666666667,11.5,0.0,0.4702815268100931,0,0.0,0.0,0.282842712474619,0.14208168808796678
T Panyangara,Zimbabwe,31,0.3924050632911392,4.428571428571429,0.07753482570443826,0.5025660449922246,0,0.0,0.0,0.1724675114127813,0.14178758897597468
T Kamungozi,Zimbabwe,21,0.6,3.5,0.07753482570443826,0.44370196217963165,0,0.0,0.0,0.22881438097813775,0.14161234231383402
Aftab Alam,Afghanistan,1,0.5,1.0,0.2891336114514588,0.07753482570443826,0,0.0009699321047526673,0.5902036857419981,0.0,0.140338591069749
T Maruma,Zimbabwe,57,0.5428571428571428,11.4,0.07753482570443826,0.32945037679188516,0,0.0,0.0,0.09312908721974755,0.13990532449858153
Zeeshan Siddiqi,Canada,7,0.3333333333333333,7.0,0.0,0.5370107405329649,0,0.0,0.0,0.0,0.13119930637613142
Abul Hasan,Bangladesh,1,0.3333333333333333,1.0,0.35632822035216943,0.07753482570443826,0,0.0008849557522123894,0.41415929203539825,0.0,0.12790699315286735
PJ Moor,Zimbabwe,15,0.4166666666666667,7.5,0.07753482570443826,0.35632822035216943,0,0.0,0.0,0.128564869306645,0.11981301008060288
Junaid Siddiqui,Canada,5,0.15625,5.0,0.0,0.5370107405329649,0,0.0,0.0,0.0,0.11335028808978503
TC Bastiampillai,Canada,12,0.26666666666666666,6.0,0.0,0.4702815268100931,0,0.0,0.0,0.1414213562373095,0.11196742916356728
JOA Gordon,Canada,4,0.36363636363636365,2.0,0.0,0.4702815268100931,0,0.0,0.0,0.35355339059327373,0.10829048072287578
Haseeb Amjad,Hong Kong,21,1.4,0.0,0.07389538188865175,0.0,0,0.0,0.0,0.0,0.104945478298276
HS Baidwan,Canada,3,0.3,1.5,0.0,0.4702815268100931,0,0.0,0.0,1.414213562373095,0.1023416059096407
Afsar Zazai,Afghanistan,111,0.5663265306122449,0.0,0.2891336114514588,0.0,0,0.0,0.0,0.0,0.10114497624840463
AS Hansra,Canada,2,0.25,1.0,0.0,0.4702815268100931,0,0.0,0.0,0.7071067811865475,0.09738079722287235
Irfan Ahmed,Hong Kong,30,0.8333333333333334,0.0,0.07389538188865175,0.0,0,0.0,0.0,0.0,0.06538756547919058
N M'shangwe,Zimbabwe,0,0.0,0.0,0.07753482570443826,0.2891336114514588,0,0.0,0.0,0.0,0.056570142669674715
Nadeem Ahmed,Hong Kong,6,0.6666666666666666,0.0,0.07389538188865175,0.0,0,0.0,0.0,0.0,0.04930660439961932
Ankur Sharma,Hong Kong,16,0.5161290322580645,0.0,0.07389538188865175,0.0,0,0.0,0.0,0.0,0.040067503209515444
JJ Atkinson,Hong Kong,20,0.5,0.0,0.07389538188865175,0.0,0,0.0,0.0,0.0,0.03956625573015138
Nizakat Khan,Hong Kong,14,0.4666666666666667,0.0,0.07389538188865175,0.0,0,0.0,0.0,0.0,0.03614983364865491
Waqas Barkat,Hong Kong,14,0.4375,0.0,0.07389538188865175,0.0,0,0.0,0.0,0.0,0.03403646998926767
Babar Hayat,Hong Kong,14,0.2978723404255319,0.0,0.07389538188865175,0.0,0,0.0,0.0,0.0,0.023919303534754306
Skhawat Ali,Hong Kong,10,0.29411764705882354,0.0,0.07389538188865175,0.0,0,0.0,0.0,0.0,0.022979812391879913
Tanwir Afzal,Hong Kong,0,0.0,0.0,0.07389538188865175,0.0,0,0.0,0.0,0.0,0.0
Ehsan Nawaz,Hong Kong,0,0.0,0.0,0.07389538188865175,0.0,0,0.0,0.0,0.0,0.0
